"report_year","field","agency","funding_total","funding_agency","agency_pct"
2013,"Computer and information sciences","NSF",1552300,706221,"0.45495136249436320299"
2013,"Computer and information sciences","Other agencies",1552300,147689,"0.09514204728467435418"
2013,"Computer and information sciences","DOD",1552300,547181,"0.35249694002447980416"
2013,"Computer and information sciences","NASA",1552300,16794,"0.01081878502866713908"
2013,"Computer and information sciences","HHS",1552300,80514,"0.05186755137537847066"
2013,"Computer and information sciences","DOE",1552300,50414,"0.03247696965792694711"
2013,"Computer and information sciences","USDA",1552300,3487,"0.00224634413451008181"
2013,"Engineering","NSF",6499575,1246500,"0.19178177034652265725"
2013,"Engineering","HHS",6499575,634340,"0.09759715058292272956"
2013,"Engineering","DOE",6499575,786858,"0.12106299258028409550"
2013,"Engineering","USDA",6499575,57919,"0.00891119803987183777"
2013,"Engineering","NASA",6499575,421969,"0.06492255262844109038"
2013,"Engineering","Other agencies",6499575,894267,"0.13758853463495690103"
2013,"Engineering","DOD",6499575,2457722,"0.37813580118700068851"
2013,"Life sciences","NSF",22227173,768553,"0.03457718172256993726"
2013,"Life sciences","HHS",22227173,18647443,"0.83894802996314466082"
2013,"Life sciences","USDA",22227173,875908,"0.03940708069352769243"
2013,"Life sciences","Other agencies",22227173,726149,"0.03266942674176333626"
2013,"Life sciences","NASA",22227173,84615,"0.00380682689606995905"
2013,"Life sciences","DOD",22227173,907875,"0.04084527528534555429"
2013,"Life sciences","DOE",22227173,216630,"0.00974617869757885989"
2013,"Mathematics and statistics","NSF",464608,267002,"0.57468231283146222192"
2013,"Mathematics and statistics","Other agencies",464608,33609,"0.07233840140505544459"
2013,"Mathematics and statistics","NASA",464608,3904,"0.00840278256078242303"
2013,"Mathematics and statistics","DOD",464608,93534,"0.20131810042013912804"
2013,"Mathematics and statistics","HHS",464608,47353,"0.10192032853502307321"
2013,"Mathematics and statistics","USDA",464608,4099,"0.00882249121840347131"
2013,"Mathematics and statistics","DOE",464608,15107,"0.03251558302913423790"
2013,"Non-S&E","NASA",1181558,13396,"0.01133757293336425296"
2013,"Non-S&E","Other agencies",1181558,626536,"0.53026258550151579525"
2013,"Non-S&E","DOE",1181558,11866,"0.01004267247143178752"
2013,"Non-S&E","USDA",1181558,15856,"0.01341956975451056994"
2013,"Non-S&E","NSF",1181558,217573,"0.18414077006799496935"
2013,"Non-S&E","DOD",1181558,73867,"0.06251660942585975466"
2013,"Non-S&E","HHS",1181558,222464,"0.18828021984532287031"
2013,"Other sciences","USDA",440907,8494,"0.01926483362704606640"
2013,"Other sciences","DOE",440907,28188,"0.06393184957371962795"
2013,"Other sciences","NASA",440907,3787,"0.00858911289682404679"
2013,"Other sciences","DOD",440907,86838,"0.19695309895284039491"
2013,"Other sciences","Other agencies",440907,46232,"0.10485657973223378173"
2013,"Other sciences","HHS",440907,132507,"0.30053276541311433023"
2013,"Other sciences","NSF",440907,134861,"0.30587175980422175198"
2013,"Physical sciences","USDA",3311054,7409,"0.00223765604547675755"
2013,"Physical sciences","Other agencies",3311054,136966,"0.04136628396879060263"
2013,"Physical sciences","DOE",3311054,611537,"0.18469556823899580013"
2013,"Physical sciences","NASA",3311054,455156,"0.13746559252733419630"
2013,"Physical sciences","HHS",3311054,531688,"0.16057968248177166546"
2013,"Physical sciences","NSF",3311054,1058367,"0.31964655363518686195"
2013,"Physical sciences","DOD",3311054,509931,"0.15400866310244411598"
2013,"Psychology","DOE",776402,573,"0.00073801973719799794"
2013,"Psychology","HHS",776402,531129,"0.68409020069500078568"
2013,"Psychology","NASA",776402,17548,"0.02260169345261861767"
2013,"Psychology","NSF",776402,77086,"0.09928619452294043550"
2013,"Psychology","USDA",776402,6167,"0.00794305012094250144"
2013,"Psychology","DOD",776402,44553,"0.05738393255040558886"
2013,"Psychology","Other agencies",776402,99346,"0.12795690892089407292"
2013,"Social sciences","NSF",897585,148870,"0.16585615846967139602"
2013,"Social sciences","DOD",897585,94368,"0.10513544678219890038"
2013,"Social sciences","HHS",897585,304824,"0.33960460569194003910"
2013,"Social sciences","DOE",897585,11031,"0.01228964387773859857"
2013,"Social sciences","NASA",897585,15245,"0.01698446386693182261"
2013,"Social sciences","Other agencies",897585,267440,"0.29795506832222017970"
2013,"Social sciences","USDA",897585,55807,"0.06217461298929906360"
2014,"Computer and information sciences","DOE",1390677,47114,"0.03387846351093747865"
2014,"Computer and information sciences","DOD",1390677,553986,"0.39835705918771936258"
2014,"Computer and information sciences","NASA",1390677,17809,"0.01280599305230474078"
2014,"Computer and information sciences","NSF",1390677,556831,"0.40040282538648442449"
2014,"Computer and information sciences","USDA",1390677,7880,"0.00566630497232642806"
2014,"Computer and information sciences","Other agencies",1390677,134773,"0.09691179188265859002"
2014,"Computer and information sciences","HHS",1390677,72284,"0.05197756200756897540"
2014,"Engineering","NSF",6424206,1255247,"0.19539332954142504148"
2014,"Engineering","Other agencies",6424206,848809,"0.13212667837861986368"
2014,"Engineering","DOD",6424206,2424238,"0.37735994144646046531"
2014,"Engineering","NASA",6424206,435288,"0.06775747851174137318"
2014,"Engineering","USDA",6424206,51762,"0.00805733813641716969"
2014,"Engineering","HHS",6424206,619269,"0.09639619277464016565"
2014,"Engineering","DOE",6424206,789593,"0.12290904121069592102"
2014,"Life sciences","NSF",21270352,726955,"0.03417691442059821107"
2014,"Life sciences","Other agencies",21270352,696349,"0.03273801016551113023"
2014,"Life sciences","DOD",21270352,878024,"0.04127924164113504092"
2014,"Life sciences","HHS",21270352,17841751,"0.83880845037261254539"
2014,"Life sciences","NASA",21270352,83451,"0.00392334833010756004"
2014,"Life sciences","DOE",21270352,185391,"0.00871593474334604336"
2014,"Life sciences","USDA",21270352,858431,"0.04035810032668946898"
2014,"Mathematics and statistics","HHS",441383,44648,"0.10115477940926587567"
2014,"Mathematics and statistics","Other agencies",441383,31214,"0.07071862758647251933"
2014,"Mathematics and statistics","NASA",441383,3821,"0.00865688075888740618"
2014,"Mathematics and statistics","DOD",441383,96234,"0.21802833366939823237"
2014,"Mathematics and statistics","DOE",441383,12425,"0.02815015530729547808"
2014,"Mathematics and statistics","USDA",441383,4323,"0.00979421500148397197"
2014,"Mathematics and statistics","NSF",441383,248718,"0.56349700826719651640"
2014,"Non-S&E","Other agencies",1136854,604154,"0.53142619896662192331"
2014,"Non-S&E","USDA",1136854,11243,"0.00988957245169564430"
2014,"Non-S&E","HHS",1136854,217825,"0.19160331933564028450"
2014,"Non-S&E","DOE",1136854,5727,"0.00503758618081125633"
2014,"Non-S&E","NASA",1136854,6330,"0.00556799729780605073"
2014,"Non-S&E","DOD",1136854,55483,"0.04880398010650444120"
2014,"Non-S&E","NSF",1136854,236092,"0.20767134566092039963"
2014,"Other sciences","HHS",422427,120973,"0.28637610758781990734"
2014,"Other sciences","DOD",422427,68015,"0.16101006801175114280"
2014,"Other sciences","NSF",422427,142797,"0.33803947190875583237"
2014,"Other sciences","USDA",422427,9732,"0.02303830010865782727"
2014,"Other sciences","Other agencies",422427,52168,"0.12349589396511113163"
2014,"Other sciences","DOE",422427,24652,"0.05835801215357919830"
2014,"Other sciences","NASA",422427,4090,"0.00968214626432496029"
2014,"Physical sciences","HHS",3155599,489051,"0.15497881701699106889"
2014,"Physical sciences","DOD",3155599,482176,"0.15280014982892312997"
2014,"Physical sciences","NSF",3155599,1000320,"0.31699845259172664207"
2014,"Physical sciences","Other agencies",3155599,130180,"0.04125365738802680569"
2014,"Physical sciences","DOE",3155599,606224,"0.19211059453371610271"
2014,"Physical sciences","USDA",3155599,4739,"0.00150177509880057637"
2014,"Physical sciences","NASA",3155599,442909,"0.14035655354181567430"
2014,"Psychology","NSF",752501,71871,"0.09550950762856129095"
2014,"Psychology","HHS",752501,502812,"0.66818781636170583162"
2014,"Psychology","DOD",752501,48678,"0.06468828612852341724"
2014,"Psychology","Other agencies",752501,105093,"0.13965828616839047390"
2014,"Psychology","DOE",752501,331,"0.00043986652509431881"
2014,"Psychology","USDA",752501,5195,"0.00690364531077035114"
2014,"Psychology","NASA",752501,18521,"0.02461259187695431634"
2014,"Social sciences","NASA",917670,16990,"0.01851428073272527161"
2014,"Social sciences","Other agencies",917670,287904,"0.31373369511916048253"
2014,"Social sciences","NSF",917670,132814,"0.14472958688853291488"
2014,"Social sciences","HHS",917670,313362,"0.34147569387688384713"
2014,"Social sciences","USDA",917670,59566,"0.06491004391556877745"
2014,"Social sciences","DOE",917670,8489,"0.00925060206828162629"
2014,"Social sciences","DOD",917670,98545,"0.10738609739884708011"
2015,"Computer and information sciences","NSF",1419654,579693,"0.40833400251047086121"
2015,"Computer and information sciences","HHS",1419654,74742,"0.05264803959274583807"
2015,"Computer and information sciences","USDA",1419654,4473,"0.00315076772227599119"
2015,"Computer and information sciences","DOE",1419654,51461,"0.03624897334139163486"
2015,"Computer and information sciences","Other agencies",1419654,130413,"0.09186252424886627305"
2015,"Computer and information sciences","NASA",1419654,19419,"0.01367868508805666733"
2015,"Computer and information sciences","DOD",1419654,559453,"0.39407700749619273429"
2015,"Engineering","USDA",6458636,52396,"0.00811254884158203063"
2015,"Engineering","DOD",6458636,2429824,"0.37621318185449683184"
2015,"Engineering","DOE",6458636,741667,"0.11483337967954843716"
2015,"Engineering","NASA",6458636,485169,"0.07511942150014337393"
2015,"Engineering","NSF",6458636,1282252,"0.19853294101107416489"
2015,"Engineering","Other agencies",6458636,855424,"0.13244654134402372266"
2015,"Engineering","HHS",6458636,611904,"0.09474198576913143890"
2015,"Life sciences","NASA",21163876,89212,"0.00421529591271466531"
2015,"Life sciences","DOD",21163876,1051886,"0.04970195440570526873"
2015,"Life sciences","DOE",21163876,164315,"0.00776393700284390251"
2015,"Life sciences","Other agencies",21163876,686745,"0.03244892381716846196"
2015,"Life sciences","NSF",21163876,730884,"0.03453450587217577725"
2015,"Life sciences","USDA",21163876,900112,"0.04253058371727371678"
2015,"Life sciences","HHS",21163876,17540722,"0.82880479927211820746"
2015,"Mathematics and statistics","DOE",424522,11686,"0.02752743085164019768"
2015,"Mathematics and statistics","NASA",424522,3321,"0.00782291612684383848"
2015,"Mathematics and statistics","Other agencies",424522,35557,"0.08375773222589170879"
2015,"Mathematics and statistics","HHS",424522,42720,"0.10063082714205624208"
2015,"Mathematics and statistics","NSF",424522,235558,"0.55487819241405627977"
2015,"Mathematics and statistics","DOD",424522,90985,"0.21432340373408209704"
2015,"Mathematics and statistics","USDA",424522,4695,"0.01105949750542963616"
2015,"Non-S&E","NASA",1071197,7450,"0.00695483650533001866"
2015,"Non-S&E","NSF",1071197,237747,"0.22194516974935516063"
2015,"Non-S&E","USDA",1071197,13891,"0.01296773609336097842"
2015,"Non-S&E","DOD",1071197,53368,"0.04982090129079898469"
2015,"Non-S&E","HHS",1071197,195899,"0.18287859282652957393"
2015,"Non-S&E","DOE",1071197,9575,"0.00893859859577650049"
2015,"Non-S&E","Other agencies",1071197,553267,"0.51649416493884878318"
2015,"Other sciences","DOD",445829,75103,"0.16845696444152354378"
2015,"Other sciences","USDA",445829,10944,"0.02454752831242471889"
2015,"Other sciences","HHS",445829,125308,"0.28106740476729867281"
2015,"Other sciences","DOE",445829,19760,"0.04432192611965574245"
2015,"Other sciences","NSF",445829,130761,"0.29329855168685751712"
2015,"Other sciences","NASA",445829,4799,"0.01076421677369574433"
2015,"Other sciences","Other agencies",445829,79154,"0.17754340789854406062"
2015,"Physical sciences","Other agencies",3111777,110418,"0.03548390517700979215"
2015,"Physical sciences","NASA",3111777,449981,"0.14460579919447955300"
2015,"Physical sciences","USDA",3111777,4983,"0.00160133582837073479"
2015,"Physical sciences","NSF",3111777,972400,"0.31249025878139725308"
2015,"Physical sciences","DOD",3111777,470676,"0.15125634002693637751"
2015,"Physical sciences","HHS",3111777,512342,"0.16464611699360204796"
2015,"Physical sciences","DOE",3111777,590977,"0.18991624399820424150"
2015,"Psychology","DOD",763632,63207,"0.08277154440882519329"
2015,"Psychology","HHS",763632,506701,"0.66354081547132650282"
2015,"Psychology","USDA",763632,5360,"0.00701908772812035116"
2015,"Psychology","NASA",763632,19867,"0.02601645818928489115"
2015,"Psychology","NSF",763632,71121,"0.09313517505814318939"
2015,"Psychology","Other agencies",763632,97215,"0.12730608460619774970"
2015,"Psychology","DOE",763632,161,"0.00021083453810212249"
2015,"Social sciences","NSF",921751,142999,"0.15513842675516489811"
2015,"Social sciences","HHS",921751,311180,"0.33759659604383396384"
2015,"Social sciences","Other agencies",921751,289022,"0.31355756598040034673"
2015,"Social sciences","USDA",921751,69270,"0.07515044735508830476"
2015,"Social sciences","DOE",921751,8893,"0.00964794179773062356"
2015,"Social sciences","NASA",921751,16251,"0.01763057485155969454"
2015,"Social sciences","DOD",921751,84136,"0.09127844721622216846"
2016,"Computer and information sciences","DOD",1443353,604205,"0.41861207895781558635"
2016,"Computer and information sciences","HHS",1443353,80679,"0.05589692888711216175"
2016,"Computer and information sciences","NASA",1443353,16320,"0.01130700528560927230"
2016,"Computer and information sciences","Other agencies",1443353,90424,"0.06264856899178510039"
2016,"Computer and information sciences","DOE",1443353,58125,"0.04027081386188964169"
2016,"Computer and information sciences","NSF",1443353,590104,"0.40884246611882193753"
2016,"Computer and information sciences","USDA",1443353,3496,"0.00242213789696630000"
2016,"Engineering","USDA",6583092,66666,"0.01012685224511521334"
2016,"Engineering","NASA",6583092,512527,"0.07785505656004807467"
2016,"Engineering","HHS",6583092,657472,"0.09987282571776302078"
2016,"Engineering","DOE",6583092,697972,"0.10602494997791311438"
2016,"Engineering","DOD",6583092,2607152,"0.39603760664441572440"
2016,"Engineering","Other agencies",6583092,771082,"0.11713067354975443150"
2016,"Engineering","NSF",6583092,1270221,"0.19295203530499042091"
2016,"Life sciences","Other agencies",21794958,735279,"0.03373619715165314840"
2016,"Life sciences","NSF",21794958,726425,"0.03332995640551360549"
2016,"Life sciences","DOD",21794958,955297,"0.04383110075275208147"
2016,"Life sciences","HHS",21794958,18139041,"0.83225858934896777502"
2016,"Life sciences","NASA",21794958,91890,"0.00421611273579880264"
2016,"Life sciences","USDA",21794958,986259,"0.04525170454561096195"
2016,"Life sciences","DOE",21794958,160767,"0.00737633905970362503"
2016,"Mathematics and statistics","Other agencies",444385,27814,"0.06258987139529912126"
2016,"Mathematics and statistics","NASA",444385,3145,"0.00707719657504191186"
2016,"Mathematics and statistics","DOE",444385,11662,"0.02624301000258784612"
2016,"Mathematics and statistics","USDA",444385,4890,"0.01100397178122573894"
2016,"Mathematics and statistics","NSF",444385,229751,"0.51700889994036702409"
2016,"Mathematics and statistics","DOD",444385,120463,"0.27107800668339390393"
2016,"Mathematics and statistics","HHS",444385,46660,"0.10499904362208445380"
2016,"Non-S&E","NSF",1112516,264184,"0.23746534881296089225"
2016,"Non-S&E","Other agencies",1112516,512062,"0.46027382976963926811"
2016,"Non-S&E","DOD",1112516,57093,"0.05131881249348323979"
2016,"Non-S&E","DOE",1112516,6987,"0.00628035911393633889"
2016,"Non-S&E","USDA",1112516,41230,"0.03706014115752043117"
2016,"Non-S&E","HHS",1112516,221643,"0.19922679763706769161"
2016,"Non-S&E","NASA",1112516,9317,"0.00837471101539213818"
2016,"Other sciences","DOE",465328,17111,"0.03677191142591892171"
2016,"Other sciences","HHS",465328,109392,"0.23508578894887047416"
2016,"Other sciences","USDA",465328,12139,"0.02608697520888491559"
2016,"Other sciences","DOD",465328,106948,"0.22983357975449575353"
2016,"Other sciences","NASA",465328,6499,"0.01396649245263556029"
2016,"Other sciences","NSF",465328,130489,"0.28042370113124505725"
2016,"Other sciences","Other agencies",465328,82750,"0.17783155107794931747"
2016,"Physical sciences","DOD",3288043,524819,"0.15961439677035853850"
2016,"Physical sciences","Other agencies",3288043,86773,"0.02639046995431629088"
2016,"Physical sciences","NSF",3288043,980495,"0.29820017560597595591"
2016,"Physical sciences","NASA",3288043,468522,"0.14249266204851943846"
2016,"Physical sciences","DOE",3288043,702451,"0.21363802115726588734"
2016,"Physical sciences","USDA",3288043,6158,"0.00187284655340577967"
2016,"Physical sciences","HHS",3288043,518825,"0.15779142791015810925"
2016,"Psychology","Other agencies",765239,91518,"0.11959400919189952420"
2016,"Psychology","DOE",765239,417,"0.00054492779380036825"
2016,"Psychology","HHS",765239,502501,"0.65665890002992529131"
2016,"Psychology","DOD",765239,70044,"0.09153218798310070449"
2016,"Psychology","USDA",765239,6790,"0.00887304489185731517"
2016,"Psychology","NSF",765239,72117,"0.09424114557674138406"
2016,"Psychology","NASA",765239,21852,"0.02855578453267541252"
2016,"Social sciences","NSF",899551,145028,"0.16122265441314611401"
2016,"Social sciences","Other agencies",899551,284844,"0.31665130715212367059"
2016,"Social sciences","NASA",899551,7925,"0.00880995074209244390"
2016,"Social sciences","HHS",899551,323700,"0.35984618993253300813"
2016,"Social sciences","DOE",899551,10387,"0.01154687171711220375"
2016,"Social sciences","DOD",899551,77668,"0.08634085226963229433"
2016,"Social sciences","USDA",899551,49999,"0.05558217377336026529"
2017,"Computer and information sciences","HHS",1497617,88079,"0.05881276721618411116"
2017,"Computer and information sciences","NSF",1497617,616837,"0.41187900511278918442"
2017,"Computer and information sciences","DOE",1497617,50842,"0.03394859967535090748"
2017,"Computer and information sciences","DOD",1497617,609382,"0.40690109687590351872"
2017,"Computer and information sciences","USDA",1497617,4295,"0.00286788945371213067"
2017,"Computer and information sciences","NASA",1497617,18388,"0.01227817259018827911"
2017,"Computer and information sciences","Other agencies",1497617,109794,"0.07331246907587186844"
2017,"Engineering","NASA",6828730,445558,"0.06524756433480310394"
2017,"Engineering","USDA",6828730,70537,"0.01032944632457279758"
2017,"Engineering","Other agencies",6828730,795775,"0.11653338175619771173"
2017,"Engineering","DOE",6828730,722129,"0.10574865311705104756"
2017,"Engineering","NSF",6828730,1286550,"0.18840252872788937328"
2017,"Engineering","DOD",6828730,2814691,"0.41218367104864301268"
2017,"Engineering","HHS",6828730,693490,"0.10155475469084295323"
2017,"Life sciences","USDA",22749389,985368,"0.04331404241230390847"
2017,"Life sciences","NASA",22749389,73900,"0.00324843889213903723"
2017,"Life sciences","DOE",22749389,165064,"0.00725575530841729420"
2017,"Life sciences","HHS",22749389,18995673,"0.83499706299804359581"
2017,"Life sciences","DOD",22749389,1042820,"0.04583947287551327203"
2017,"Life sciences","NSF",22749389,749849,"0.03296128085022415327"
2017,"Life sciences","Other agencies",22749389,736715,"0.03238394666335873900"
2017,"Mathematics and statistics","DOD",437040,106083,"0.24273064250411861614"
2017,"Mathematics and statistics","HHS",437040,57442,"0.13143419366648361706"
2017,"Mathematics and statistics","DOE",437040,11018,"0.02521050704740984807"
2017,"Mathematics and statistics","NASA",437040,4295,"0.00982747574592714626"
2017,"Mathematics and statistics","Other agencies",437040,30901,"0.07070519860882299103"
2017,"Mathematics and statistics","USDA",437040,4600,"0.01052535237049240344"
2017,"Mathematics and statistics","NSF",437040,222701,"0.50956663005674537800"
2017,"Non-S&E","HHS",1215935,243789,"0.20049509225410897786"
2017,"Non-S&E","DOD",1215935,72130,"0.05932060513103085280"
2017,"Non-S&E","NSF",1215935,289635,"0.23819941033032193333"
2017,"Non-S&E","USDA",1215935,44811,"0.03685312126059369950"
2017,"Non-S&E","Other agencies",1215935,548546,"0.45113102262867669736"
2017,"Non-S&E","NASA",1215935,9970,"0.00819945145094104537"
2017,"Non-S&E","DOE",1215935,7054,"0.00580129694432679378"
2017,"Other sciences","HHS",395190,102373,"0.25904754674966471824"
2017,"Other sciences","USDA",395190,8695,"0.02200207495128925327"
2017,"Other sciences","NSF",395190,107555,"0.27216022672638477694"
2017,"Other sciences","DOD",395190,83355,"0.21092385940939801108"
2017,"Other sciences","DOE",395190,15143,"0.03831827728434423948"
2017,"Other sciences","Other agencies",395190,74716,"0.18906348844859434702"
2017,"Other sciences","NASA",395190,3353,"0.00848452643032465396"
2017,"Physical sciences","Other agencies",3384753,96846,"0.02861242755379786945"
2017,"Physical sciences","USDA",3384753,7352,"0.00217209350283462338"
2017,"Physical sciences","NASA",3384753,460413,"0.13602558295982011095"
2017,"Physical sciences","HHS",3384753,539580,"0.15941488197218526729"
2017,"Physical sciences","NSF",3384753,1023893,"0.30250154147141608265"
2017,"Physical sciences","DOD",3384753,519148,"0.15337840013732168935"
2017,"Physical sciences","DOE",3384753,737521,"0.21789507240262435693"
2017,"Psychology","DOE",764703,625,"0.00081731077294060570"
2017,"Psychology","NSF",764703,78569,"0.10274446419067271869"
2017,"Psychology","NASA",764703,21167,"0.02768002740933408134"
2017,"Psychology","HHS",764703,506609,"0.66249118938986770027"
2017,"Psychology","DOD",764703,58683,"0.07673959694155770279"
2017,"Psychology","Other agencies",764703,91941,"0.12023099163989156575"
2017,"Psychology","USDA",764703,7109,"0.00929641965573562547"
2017,"Social sciences","NASA",932620,10580,"0.01134438463682957689"
2017,"Social sciences","DOD",932620,84014,"0.09008384979948960992"
2017,"Social sciences","HHS",932620,344466,"0.36935300551135510712"
2017,"Social sciences","USDA",932620,48168,"0.05164804529175870129"
2017,"Social sciences","Other agencies",932620,282784,"0.30321459972979348502"
2017,"Social sciences","NSF",932620,153762,"0.16487100855653964101"
2017,"Social sciences","DOE",932620,8846,"0.00948510647423387875"
2018,"Computer and information sciences","USDA",1629987,6291,"0.00385953998406122257"
2018,"Computer and information sciences","NSF",1629987,624511,"0.38313863852901894310"
2018,"Computer and information sciences","NASA",1629987,21865,"0.01341421741400391537"
2018,"Computer and information sciences","Other agencies",1629987,105383,"0.06465266287399838158"
2018,"Computer and information sciences","DOE",1629987,52973,"0.03249903220087031369"
2018,"Computer and information sciences","DOD",1629987,711929,"0.43676974110836466794"
2018,"Computer and information sciences","HHS",1629987,107035,"0.06566616788968255575"
2018,"Engineering","HHS",7093485,791674,"0.11160579038371125053"
2018,"Engineering","DOD",7093485,2936264,"0.41393814183014413931"
2018,"Engineering","NSF",7093485,1307342,"0.18430179241938201039"
2018,"Engineering","USDA",7093485,71152,"0.01003061259733403257"
2018,"Engineering","NASA",7093485,447825,"0.06313187382506624036"
2018,"Engineering","DOE",7093485,719985,"0.10149947451781458620"
2018,"Engineering","Other agencies",7093485,819243,"0.11549231442654774064"
2018,"Life sciences","NSF",23864617,750529,"0.03144944668502327106"
2018,"Life sciences","Other agencies",23864617,705821,"0.02957604557408149479"
2018,"Life sciences","DOE",23864617,197483,"0.00827513804223214645"
2018,"Life sciences","HHS",23864617,20039041,"0.83969673596689190528"
2018,"Life sciences","USDA",23864617,953792,"0.03996678429827723613"
2018,"Life sciences","DOD",23864617,1139262,"0.04773854112135971007"
2018,"Life sciences","NASA",23864617,78689,"0.00329730831213423622"
2018,"Mathematics and statistics","NASA",456773,4038,"0.00884027733688287180"
2018,"Mathematics and statistics","DOE",456773,11609,"0.02541525002572393727"
2018,"Mathematics and statistics","DOD",456773,116186,"0.25436267029793792540"
2018,"Mathematics and statistics","HHS",456773,57381,"0.12562257401378803038"
2018,"Mathematics and statistics","NSF",456773,224608,"0.49172783855438040340"
2018,"Mathematics and statistics","USDA",456773,4468,"0.00978166397751180565"
2018,"Mathematics and statistics","Other agencies",456773,38483,"0.08424972579377502611"
2018,"Non-S&E","HHS",1247806,242116,"0.19403336736640150793"
2018,"Non-S&E","NSF",1247806,291867,"0.23390414856155524176"
2018,"Non-S&E","Other agencies",1247806,591057,"0.47367699786665555383"
2018,"Non-S&E","DOE",1247806,5726,"0.00458885435716770075"
2018,"Non-S&E","DOD",1247806,63007,"0.05049422746805192474"
2018,"Non-S&E","NASA",1247806,10666,"0.00854780310400815511"
2018,"Non-S&E","USDA",1247806,43367,"0.03475460127615991588"
2018,"Other sciences","NASA",348882,6253,"0.01792296535791471042"
2018,"Other sciences","NSF",348882,107135,"0.30708090414524108438"
2018,"Other sciences","USDA",348882,8189,"0.02347211951318784001"
2018,"Other sciences","DOE",348882,14072,"0.04033455437655138414"
2018,"Other sciences","DOD",348882,59317,"0.17002023606835548982"
2018,"Other sciences","HHS",348882,94545,"0.27099420434416220957"
2018,"Other sciences","Other agencies",348882,59371,"0.17017501619458728166"
2018,"Physical sciences","NASA",3472520,510272,"0.14694573393385783235"
2018,"Physical sciences","NSF",3472520,1041989,"0.30006709824565445267"
2018,"Physical sciences","HHS",3472520,578298,"0.16653554191192563326"
2018,"Physical sciences","USDA",3472520,6689,"0.00192626680335894394"
2018,"Physical sciences","DOD",3472520,519678,"0.14965442963611440683"
2018,"Physical sciences","DOE",3472520,717275,"0.20655748563003236842"
2018,"Physical sciences","Other agencies",3472520,98319,"0.02831344383905636253"
2018,"Psychology","Other agencies",760293,81861,"0.10767033235870907663"
2018,"Psychology","NASA",760293,19922,"0.02620305592712283291"
2018,"Psychology","DOE",760293,3123,"0.00410762692803958474"
2018,"Psychology","HHS",760293,516038,"0.67873569794802793134"
2018,"Psychology","USDA",760293,7035,"0.00925301166787015006"
2018,"Psychology","NSF",760293,80475,"0.10584735095548689781"
2018,"Psychology","DOD",760293,51839,"0.06818292421474352651"
2018,"Social sciences","DOD",937702,75871,"0.08091163290682967510"
2018,"Social sciences","NSF",937702,150501,"0.16049981763929265374"
2018,"Social sciences","Other agencies",937702,300576,"0.32054533316554726342"
2018,"Social sciences","DOE",937702,6287,"0.00670468869640888043"
2018,"Social sciences","NASA",937702,14251,"0.01519779204907315970"
2018,"Social sciences","USDA",937702,40817,"0.04352875433773203001"
2018,"Social sciences","HHS",937702,349399,"0.37261198120511633760"
2019,"Computer and information sciences","NSF",1794430,629904,"0.35103291853123275915"
2019,"Computer and information sciences","Other agencies",1794430,111399,"0.06208043779918971484"
2019,"Computer and information sciences","DOE",1794430,50077,"0.02790691194418283243"
2019,"Computer and information sciences","USDA",1794430,6361,"0.00354485825582496949"
2019,"Computer and information sciences","NASA",1794430,22842,"0.01272939039137776341"
2019,"Computer and information sciences","HHS",1794430,119929,"0.06683403643496820717"
2019,"Computer and information sciences","DOD",1794430,853918,"0.47587144664322375350"
2019,"Engineering","Other agencies",7667982,829108,"0.10812597108339586608"
2019,"Engineering","DOD",7667982,3268039,"0.42619283665506778707"
2019,"Engineering","DOE",7667982,790845,"0.10313600110172402596"
2019,"Engineering","NSF",7667982,1351806,"0.17629227611645410748"
2019,"Engineering","USDA",7667982,76789,"0.01001423842674643733"
2019,"Engineering","HHS",7667982,890839,"0.11617645946482399150"
2019,"Engineering","NASA",7667982,460556,"0.06006221715178778458"
2019,"Life sciences","NSF",25435400,757276,"0.02977252176101024556"
2019,"Life sciences","Other agencies",25435400,685698,"0.02695841229153070131"
2019,"Life sciences","NASA",25435400,95059,"0.00373727167648238282"
2019,"Life sciences","USDA",25435400,988857,"0.03887719477578492966"
2019,"Life sciences","DOE",25435400,225939,"0.00888285617682442580"
2019,"Life sciences","HHS",25435400,21363471,"0.83991095087948292537"
2019,"Life sciences","DOD",25435400,1319100,"0.05186079243888438947"
2019,"Mathematics and statistics","HHS",466994,66228,"0.14181766789294937408"
2019,"Mathematics and statistics","NASA",466994,4370,"0.00935772194075298612"
2019,"Mathematics and statistics","Other agencies",466994,36187,"0.07748921827689434982"
2019,"Mathematics and statistics","DOE",466994,8274,"0.01771757238851034489"
2019,"Mathematics and statistics","DOD",466994,123308,"0.26404621900923780605"
2019,"Mathematics and statistics","NSF",466994,223443,"0.47847081547086258068"
2019,"Mathematics and statistics","USDA",466994,5184,"0.01110078502079255836"
2019,"Non-S&E","USDA",1242901,50286,"0.04045857232394213216"
2019,"Non-S&E","HHS",1242901,272334,"0.21911157847648364592"
2019,"Non-S&E","DOE",1242901,5285,"0.00425214880348475060"
2019,"Non-S&E","NSF",1242901,291057,"0.23417552966809102254"
2019,"Non-S&E","DOD",1242901,65451,"0.05265986591047879115"
2019,"Non-S&E","NASA",1242901,10559,"0.00849544734455922073"
2019,"Non-S&E","Other agencies",1242901,547929,"0.44084685747296043691"
2019,"Other sciences","NASA",365246,7534,"0.02062719372696757802"
2019,"Other sciences","USDA",365246,7483,"0.02048756180765840009"
2019,"Other sciences","DOD",365246,61607,"0.16867262064471616390"
2019,"Other sciences","HHS",365246,109025,"0.29849745103300241481"
2019,"Other sciences","Other agencies",365246,56153,"0.15374021892094643062"
2019,"Other sciences","DOE",365246,15825,"0.04332696319740667933"
2019,"Other sciences","NSF",365246,107619,"0.29464799066930233322"
2019,"Physical sciences","DOE",3691494,744538,"0.20169015580141807084"
2019,"Physical sciences","HHS",3691494,599560,"0.16241662589726544321"
2019,"Physical sciences","DOD",3691494,602761,"0.16328375449072922779"
2019,"Physical sciences","NSF",3691494,1056571,"0.28621772106361272699"
2019,"Physical sciences","Other agencies",3691494,90535,"0.02452530059645227650"
2019,"Physical sciences","USDA",3691494,6326,"0.00171366931654229968"
2019,"Physical sciences","NASA",3691494,591203,"0.16015277283397995500"
2019,"Psychology","NSF",790261,75000,"0.09490535405391383353"
2019,"Psychology","DOE",790261,362,"0.00045807650890022410"
2019,"Psychology","DOD",790261,54441,"0.06888989840065497348"
2019,"Psychology","HHS",790261,549260,"0.69503619690203616274"
2019,"Psychology","Other agencies",790261,79071,"0.10005681667196027642"
2019,"Psychology","NASA",790261,21166,"0.02678355631873520267"
2019,"Psychology","USDA",790261,10961,"0.01387010114379932706"
2019,"Social sciences","DOE",938422,4954,"0.00527907487249872659"
2019,"Social sciences","HHS",938422,374040,"0.39858400591631483490"
2019,"Social sciences","Other agencies",938422,274103,"0.29208927326938200511"
2019,"Social sciences","NSF",938422,149755,"0.15958172336113177227"
2019,"Social sciences","NASA",938422,24815,"0.02644332720247394030"
2019,"Social sciences","USDA",938422,32076,"0.03418078433796309123"
2019,"Social sciences","DOD",938422,78679,"0.08384181104023562960"
2020,"Computer and information sciences","HHS",2000234,126044,"0.06301462728860723295"
2020,"Computer and information sciences","NSF",2000234,745864,"0.37288837206046892514"
2020,"Computer and information sciences","DOE",2000234,48282,"0.02413817583342748898"
2020,"Computer and information sciences","USDA",2000234,6514,"0.00325661897557985716"
2020,"Computer and information sciences","NASA",2000234,18865,"0.00943139652660638705"
2020,"Computer and information sciences","DOD",2000234,942447,"0.47116837330032386211"
2020,"Computer and information sciences","Other agencies",2000234,112218,"0.05610243601498624661"
2020,"Engineering","Other agencies",8119690,841811,"0.10367526346449187100"
2020,"Engineering","HHS",8119690,935627,"0.11522939915193806660"
2020,"Engineering","USDA",8119690,74188,"0.00913680202076680267"
2020,"Engineering","DOD",8119690,3525095,"0.43414157437045010339"
2020,"Engineering","NSF",8119690,1362610,"0.16781552005064232748"
2020,"Engineering","DOE",8119690,869820,"0.10712477939428722032"
2020,"Engineering","NASA",8119690,510539,"0.06287666154742360854"
2020,"Life sciences","DOE",26230572,234836,"0.00895275939846069693"
2020,"Life sciences","NASA",26230572,92929,"0.00354277443892569327"
2020,"Life sciences","DOD",26230572,1329900,"0.05070038121928869870"
2020,"Life sciences","Other agencies",26230572,607229,"0.02314966673239150103"
2020,"Life sciences","NSF",26230572,716845,"0.02732860724501166044"
2020,"Life sciences","HHS",26230572,22221831,"0.84717294765817535355"
2020,"Life sciences","USDA",26230572,1027002,"0.03915286330774639608"
2020,"Mathematics and statistics","NASA",485550,3003,"0.00618473895582329317"
2020,"Mathematics and statistics","USDA",485550,6034,"0.01242714447533724642"
2020,"Mathematics and statistics","DOE",485550,9127,"0.01879724024302337555"
2020,"Mathematics and statistics","NSF",485550,225132,"0.46366388631448872413"
2020,"Mathematics and statistics","Other agencies",485550,37156,"0.07652353001750592112"
2020,"Mathematics and statistics","HHS",485550,65316,"0.13451961692925548347"
2020,"Mathematics and statistics","DOD",485550,139782,"0.28788384306456595613"
2020,"Non-S&E","NASA",1237536,7258,"0.00586487989036278541"
2020,"Non-S&E","USDA",1237536,38928,"0.03145605461174462804"
2020,"Non-S&E","Other agencies",1237536,546646,"0.44172129134021151708"
2020,"Non-S&E","NSF",1237536,298441,"0.24115742895560209966"
2020,"Non-S&E","HHS",1237536,283500,"0.22908424482196881545"
2020,"Non-S&E","DOD",1237536,56825,"0.04591785612701367879"
2020,"Non-S&E","DOE",1237536,5938,"0.00479824425309647558"
2020,"Other sciences","USDA",361870,7589,"0.02097161964241302125"
2020,"Other sciences","NASA",361870,5536,"0.01529831154834609114"
2020,"Other sciences","HHS",361870,103419,"0.28579047724320888717"
2020,"Other sciences","DOE",361870,16286,"0.04500511233315831652"
2020,"Other sciences","Other agencies",361870,62797,"0.17353469477989333186"
2020,"Other sciences","NSF",361870,98257,"0.27152568601984137950"
2020,"Other sciences","DOD",361870,67986,"0.18787409843313897256"
2020,"Physical sciences","NASA",3789953,637480,"0.16820261359441660622"
2020,"Physical sciences","Other agencies",3789953,89707,"0.02366968666893758313"
2020,"Physical sciences","NSF",3789953,1069307,"0.28214254899730946532"
2020,"Physical sciences","DOD",3789953,636533,"0.16795274242187172242"
2020,"Physical sciences","DOE",3789953,753358,"0.19877766294199426748"
2020,"Physical sciences","USDA",3789953,3735,"0.00098550034789349630"
2020,"Physical sciences","HHS",3789953,599833,"0.15826924502757685913"
2020,"Psychology","Other agencies",808930,70825,"0.08755392926458408020"
2020,"Psychology","NASA",808930,20926,"0.02586874018765529774"
2020,"Psychology","HHS",808930,579184,"0.71598778633503516992"
2020,"Psychology","USDA",808930,6329,"0.00782391554275400838"
2020,"Psychology","DOD",808930,49418,"0.06109057644048310731"
2020,"Psychology","NSF",808930,81100,"0.10025589358782589346"
2020,"Psychology","DOE",808930,1148,"0.00141915864166244298"
2020,"Social sciences","NASA",963623,23652,"0.02454486868827331851"
2020,"Social sciences","USDA",963623,46974,"0.04874727979718209300"
2020,"Social sciences","DOD",963623,81889,"0.08498032944419134869"
2020,"Social sciences","Other agencies",963623,255582,"0.26523028196711784588"
2020,"Social sciences","HHS",963623,398811,"0.41386621116349443714"
2020,"Social sciences","NSF",963623,150786,"0.15647820776382464927"
2020,"Social sciences","DOE",963623,5929,"0.00615282117591630752"
2021,"Computer and information sciences","USDA",1995236,8979,"0.00450021952290355627"
2021,"Computer and information sciences","Other agencies",1995236,130760,"0.06553610700689041296"
2021,"Computer and information sciences","NASA",1995236,23134,"0.01159461838098350270"
2021,"Computer and information sciences","HHS",1995236,139415,"0.06987393972442357696"
2021,"Computer and information sciences","DOD",1995236,928402,"0.46530936691198434671"
2021,"Computer and information sciences","DOE",1995236,57168,"0.02865224965868699242"
2021,"Computer and information sciences","NSF",1995236,707378,"0.35453349879412761197"
2021,"Engineering","HHS",8713379,1028653,"0.11805443100776403735"
2021,"Engineering","USDA",8713379,75343,"0.00864681772708383280"
2021,"Engineering","NASA",8713379,560323,"0.06430605164770176989"
2021,"Engineering","DOD",8713379,3703652,"0.42505347236703464867"
2021,"Engineering","Other agencies",8713379,996066,"0.11431455007293955651"
2021,"Engineering","NSF",8713379,1389934,"0.15951722058686991579"
2021,"Engineering","DOE",8713379,959408,"0.11010745659060623898"
2021,"Life sciences","NASA",28448591,89644,"0.00315108751783172671"
2021,"Life sciences","HHS",28448591,24176012,"0.84981403824182364603"
2021,"Life sciences","Other agencies",28448591,716261,"0.02517738048959964309"
2021,"Life sciences","USDA",28448591,1070319,"0.03762291777473267481"
2021,"Life sciences","DOD",28448591,1421690,"0.04997400398494252316"
2021,"Life sciences","DOE",28448591,239444,"0.00841672615701775881"
2021,"Life sciences","NSF",28448591,735221,"0.02584384583405202739"
2021,"Mathematics and statistics","NSF",475732,205674,"0.43233164891157206158"
2021,"Mathematics and statistics","DOD",475732,152712,"0.32100426290432428342"
2021,"Mathematics and statistics","DOE",475732,9301,"0.01955092362927026141"
2021,"Mathematics and statistics","NASA",475732,2897,"0.00608956303128652266"
2021,"Mathematics and statistics","HHS",475732,68099,"0.14314572069988985395"
2021,"Mathematics and statistics","Other agencies",475732,32235,"0.06775873811305524959"
2021,"Mathematics and statistics","USDA",475732,4814,"0.01011914271060176738"
2021,"Non-S&E","Other agencies",1355900,603859,"0.44535658971900582639"
2021,"Non-S&E","DOD",1355900,62393,"0.04601593037834648573"
2021,"Non-S&E","NASA",1355900,8819,"0.00650416697396563168"
2021,"Non-S&E","NSF",1355900,313672,"0.23133859429161442584"
2021,"Non-S&E","DOE",1355900,7335,"0.00540969098016077882"
2021,"Non-S&E","USDA",1355900,37471,"0.02763551884357253485"
2021,"Non-S&E","HHS",1355900,322351,"0.23773950881333431669"
2021,"Other sciences","USDA",375591,5285,"0.01407115718960251976"
2021,"Other sciences","DOD",375591,83084,"0.22120870840888093698"
2021,"Other sciences","NSF",375591,97128,"0.25860044569758061295"
2021,"Other sciences","Other agencies",375591,51708,"0.13767103045600134189"
2021,"Other sciences","HHS",375591,105064,"0.27972981248219472778"
2021,"Other sciences","DOE",375591,27183,"0.07237393867265190060"
2021,"Other sciences","NASA",375591,6139,"0.01634490709308796004"
2021,"Physical sciences","DOD",3846606,652154,"0.16954010886480185389"
2021,"Physical sciences","DOE",3846606,794160,"0.20645732887641728838"
2021,"Physical sciences","NSF",3846606,1069608,"0.27806539063267722247"
2021,"Physical sciences","NASA",3846606,588784,"0.15306584557919370999"
2021,"Physical sciences","HHS",3846606,639784,"0.16632428691683005746"
2021,"Physical sciences","USDA",3846606,6199,"0.00161155054611779839"
2021,"Physical sciences","Other agencies",3846606,95917,"0.02493548858396206942"
2021,"Psychology","Other agencies",812460,69792,"0.08590207517908573961"
2021,"Psychology","DOD",812460,53146,"0.06541368190433990596"
2021,"Psychology","NASA",812460,18587,"0.02287743396597986362"
2021,"Psychology","HHS",812460,584410,"0.71930925830194717278"
2021,"Psychology","USDA",812460,4848,"0.00596706299387046747"
2021,"Psychology","NSF",812460,80504,"0.09908672426950249858"
2021,"Psychology","DOE",812460,1173,"0.00144376338527435197"
2021,"Social sciences","NASA",949941,17391,"0.01830745277864625277"
2021,"Social sciences","Other agencies",949941,236312,"0.24876492329523623046"
2021,"Social sciences","NSF",949941,153552,"0.16164372313648952935"
2021,"Social sciences","USDA",949941,58134,"0.06119748489643040989"
2021,"Social sciences","DOD",949941,69673,"0.07334455508289462188"
2021,"Social sciences","DOE",949941,10740,"0.01130596531784605570"
2021,"Social sciences","HHS",949941,404139,"0.42543589549245689995"
2022,"Computer and information sciences","USDA",2160601,13686,"0.00633434863725417141"
2022,"Computer and information sciences","Other agencies",2160601,125434,"0.05805514299030686369"
2022,"Computer and information sciences","DOE",2160601,65081,"0.03012171150527098710"
2022,"Computer and information sciences","DOD",2160601,1005573,"0.46541355854227596858"
2022,"Computer and information sciences","HHS",2160601,175294,"0.08113205538644108746"
2022,"Computer and information sciences","NSF",2160601,748352,"0.34636288699301722067"
2022,"Computer and information sciences","NASA",2160601,27181,"0.01258029594543370109"
2022,"Engineering","NSF",9759899,1536984,"0.15747949850710545263"
2022,"Engineering","USDA",9759899,87660,"0.00898165032240600031"
2022,"Engineering","NASA",9759899,660956,"0.06772160244691056741"
2022,"Engineering","DOE",9759899,1099733,"0.11267872751552039627"
2022,"Engineering","Other agencies",9759899,1041237,"0.10668522286962190900"
2022,"Engineering","HHS",9759899,1213312,"0.12431604056558372172"
2022,"Engineering","DOD",9759899,4120017,"0.42213725777285195267"
2022,"Life sciences","NASA",30958946,89569,"0.00289315404988270596"
2022,"Life sciences","Other agencies",30958946,679543,"0.02194981056525632365"
2022,"Life sciences","NSF",30958946,852562,"0.02753846981741561874"
2022,"Life sciences","HHS",30958946,26460917,"0.85470987933503937763"
2022,"Life sciences","DOD",30958946,1398268,"0.04516523269235328619"
2022,"Life sciences","DOE",30958946,252495,"0.00815580091131009434"
2022,"Life sciences","USDA",30958946,1225592,"0.03958765262874259350"
2022,"Mathematics and statistics","NSF",537338,225573,"0.41979722260476645984"
2022,"Mathematics and statistics","USDA",537338,8437,"0.01570147653804495494"
2022,"Mathematics and statistics","Other agencies",537338,26798,"0.04987177530716234474"
2022,"Mathematics and statistics","HHS",537338,72356,"0.13465639876576754296"
2022,"Mathematics and statistics","DOE",537338,11593,"0.02157487465989749469"
2022,"Mathematics and statistics","NASA",537338,20384,"0.03793515440932895124"
2022,"Mathematics and statistics","DOD",537338,172197,"0.32046309771503225158"
2022,"Non-S&E","HHS",1491165,375591,"0.25187755882145838992"
2022,"Non-S&E","DOE",1491165,8531,"0.00572103020121851036"
2022,"Non-S&E","Other agencies",1491165,634295,"0.42536875530206248135"
2022,"Non-S&E","NASA",1491165,10679,"0.00716151465464921722"
2022,"Non-S&E","USDA",1491165,49102,"0.03292861621617996667"
2022,"Non-S&E","NSF",1491165,336499,"0.22566181475557701529"
2022,"Non-S&E","DOD",1491165,76468,"0.05128071004885441920"
2022,"Other sciences","USDA",463625,7824,"0.01687570773793475330"
2022,"Other sciences","HHS",463625,127119,"0.27418495551361552979"
2022,"Other sciences","DOE",463625,30488,"0.06576004313831221353"
2022,"Other sciences","DOD",463625,111293,"0.24004960905904556484"
2022,"Other sciences","Other agencies",463625,44996,"0.09705257481801024535"
2022,"Other sciences","NSF",463625,136900,"0.29528174710164464815"
2022,"Other sciences","NASA",463625,5005,"0.01079536263143704503"
2022,"Physical sciences","NSF",4211858,1164338,"0.27644284303981758169"
2022,"Physical sciences","USDA",4211858,10242,"0.00243170591221261496"
2022,"Physical sciences","DOD",4211858,689033,"0.16359359693512934197"
2022,"Physical sciences","DOE",4211858,896758,"0.21291268604022262859"
2022,"Physical sciences","HHS",4211858,678601,"0.16111678029031368104"
2022,"Physical sciences","NASA",4211858,673387,"0.15987884681772272475"
2022,"Physical sciences","Other agencies",4211858,99499,"0.02362354096458142701"
2022,"Psychology","DOE",876792,705,"0.00080406755536090658"
2022,"Psychology","NASA",876792,16574,"0.01890300093978959662"
2022,"Psychology","HHS",876792,645374,"0.73606282904041095265"
2022,"Psychology","NSF",876792,81441,"0.09288519968247885473"
2022,"Psychology","USDA",876792,2508,"0.00286042755864560808"
2022,"Psychology","DOD",876792,58670,"0.06691438790499913320"
2022,"Psychology","Other agencies",876792,71520,"0.08157008731831494813"
2022,"Social sciences","NASA",1074208,15288,"0.01423188060412880932"
2022,"Social sciences","USDA",1074208,71243,"0.06632142006017456582"
2022,"Social sciences","Other agencies",1074208,267646,"0.24915658792338169144"
2022,"Social sciences","DOD",1074208,82537,"0.07683521254729065507"
2022,"Social sciences","NSF",1074208,161144,"0.15001191575560785248"
2022,"Social sciences","DOE",1074208,14712,"0.01369567160177544759"
2022,"Social sciences","HHS",1074208,461638,"0.42974731150764097828"
2023,"Computer and information sciences","Other agencies",2417938,167807,"0.06940086966663330491"
2023,"Computer and information sciences","USDA",2417938,19686,"0.00814164796615959549"
2023,"Computer and information sciences","DOE",2417938,71235,"0.02946105317836933784"
2023,"Computer and information sciences","NASA",2417938,30726,"0.01270752186367061521"
2023,"Computer and information sciences","DOD",2417938,1089161,"0.45045034239918475991"
2023,"Computer and information sciences","NSF",2417938,844522,"0.34927363728929360472"
2023,"Computer and information sciences","HHS",2417938,194801,"0.08056492763668878193"
2023,"Engineering","Other agencies",10931327,1156754,"0.10582008936334993912"
2023,"Engineering","NASA",10931327,713488,"0.06527002622828866065"
2023,"Engineering","DOD",10931327,4687204,"0.42878636783987890949"
2023,"Engineering","HHS",10931327,1346015,"0.12313372383792013541"
2023,"Engineering","NSF",10931327,1731109,"0.15836220067334917344"
2023,"Engineering","USDA",10931327,106665,"0.00975773572595532089"
2023,"Engineering","DOE",10931327,1190092,"0.10886985633125786101"
2023,"Life sciences","DOD",33896235,1632039,"0.04814809078353392346"
2023,"Life sciences","NASA",33896235,91364,"0.00269540260149836700"
2023,"Life sciences","DOE",33896235,236841,"0.00698723619304621885"
2023,"Life sciences","Other agencies",33896235,739970,"0.02183044813089123320"
2023,"Life sciences","USDA",33896235,1385357,"0.04087052736092961357"
2023,"Life sciences","HHS",33896235,28903440,"0.85270355247419071764"
2023,"Life sciences","NSF",33896235,907224,"0.02676474245590992628"
2023,"Mathematics and statistics","HHS",661446,73821,"0.11160548253372157364"
2023,"Mathematics and statistics","DOD",661446,185496,"0.28044012663165247050"
2023,"Mathematics and statistics","DOE",661446,10810,"0.01634298189118990817"
2023,"Mathematics and statistics","NSF",661446,251663,"0.38047399183002089362"
2023,"Mathematics and statistics","NASA",661446,101103,"0.15285147993940548435"
2023,"Mathematics and statistics","USDA",661446,7056,"0.01066753748605328326"
2023,"Mathematics and statistics","Other agencies",661446,31497,"0.04761839968795638646"
2023,"Non-S&E","DOE",1724799,14492,"0.00840213845207470552"
2023,"Non-S&E","HHS",1724799,433952,"0.25159569317932118467"
2023,"Non-S&E","NASA",1724799,11672,"0.00676716533346784176"
2023,"Non-S&E","NSF",1724799,389384,"0.22575616057291313365"
2023,"Non-S&E","DOD",1724799,100328,"0.05816793724949979679"
2023,"Non-S&E","USDA",1724799,41119,"0.02383987931347362794"
2023,"Non-S&E","Other agencies",1724799,733852,"0.42547102589924970968"
2023,"Other sciences","NASA",475264,7513,"0.01580805615405332615"
2023,"Other sciences","Other agencies",475264,50963,"0.10723092849447885807"
2023,"Other sciences","USDA",475264,11168,"0.02349851871801777538"
2023,"Other sciences","DOD",475264,110168,"0.23180379746835443038"
2023,"Other sciences","DOE",475264,28646,"0.06027386883921357393"
2023,"Other sciences","HHS",475264,137975,"0.29031233167250201993"
2023,"Other sciences","NSF",475264,128831,"0.27107249865338001616"
2023,"Physical sciences","USDA",4621763,14884,"0.00322041610528276764"
2023,"Physical sciences","DOE",4621763,977109,"0.21141477829996908106"
2023,"Physical sciences","HHS",4621763,729009,"0.15773396429025027895"
2023,"Physical sciences","DOD",4621763,739426,"0.15998786610217789186"
2023,"Physical sciences","Other agencies",4621763,107688,"0.02330019951261023120"
2023,"Physical sciences","NSF",4621763,1284351,"0.27789200787664793716"
2023,"Physical sciences","NASA",4621763,769296,"0.16645076781306181213"
2023,"Psychology","DOD",978784,80354,"0.08209574328963285056"
2023,"Psychology","Other agencies",978784,80768,"0.08251871710203681303"
2023,"Psychology","NASA",978784,16442,"0.01679839474286461569"
2023,"Psychology","USDA",978784,3620,"0.00369846666884624187"
2023,"Psychology","HHS",978784,713565,"0.72903214600974270115"
2023,"Psychology","DOE",978784,744,"0.00076012685127668617"
2023,"Psychology","NSF",978784,83291,"0.08509640533560009154"
2023,"Social sciences","HHS",1202546,505495,"0.42035398230088495575"
2023,"Social sciences","NASA",1202546,15219,"0.01265564893151696484"
2023,"Social sciences","USDA",1202546,69862,"0.05809507494931586817"
2023,"Social sciences","DOE",1202546,17502,"0.01455412100659766861"
2023,"Social sciences","DOD",1202546,101687,"0.08455975904456045756"
2023,"Social sciences","Other agencies",1202546,299804,"0.24930771878996728607"
2023,"Social sciences","NSF",1202546,192977,"0.16047369497715679899"
