"field","agency","report_year_13","report_year_py","report_year_cy","funding_13","funding_py","funding_cy","difference_13","dif_pct_13","difference_py","dif_pct_py"
"Computer and information sciences","DOD",2013,2012,2013,547181,471067,547181,0,"0.0000",76114,"0.1616"
"Computer and information sciences","DOD",2013,2013,2014,547181,547181,553986,6805,"0.0124",6805,"0.0124"
"Computer and information sciences","DOD",2013,2014,2015,547181,553986,559453,12272,"0.0224",5467,"0.0099"
"Computer and information sciences","DOD",2013,2015,2016,547181,559453,604205,57024,"0.1042",44752,"0.0800"
"Computer and information sciences","DOD",2013,2016,2017,547181,604205,609382,62201,"0.1137",5177,"0.0086"
"Computer and information sciences","DOD",2013,2017,2018,547181,609382,711929,164748,"0.3011",102547,"0.1683"
"Computer and information sciences","DOD",2013,2018,2019,547181,711929,853918,306737,"0.5606",141989,"0.1994"
"Computer and information sciences","DOD",2013,2019,2020,547181,853918,942447,395266,"0.7224",88529,"0.1037"
"Computer and information sciences","DOD",2013,2020,2021,547181,942447,928402,381221,"0.6967",-14045,"-0.0149"
"Computer and information sciences","DOD",2013,2021,2022,547181,928402,1005573,458392,"0.8377",77171,"0.0831"
"Computer and information sciences","DOD",2013,2022,2023,547181,1005573,1089161,541980,"0.9905",83588,"0.0831"
"Computer and information sciences","DOE",2013,2012,2013,50414,55352,50414,0,"0.0000",-4938,"-0.0892"
"Computer and information sciences","DOE",2013,2013,2014,50414,50414,47114,-3300,"-0.0655",-3300,"-0.0655"
"Computer and information sciences","DOE",2013,2014,2015,50414,47114,51461,1047,"0.0208",4347,"0.0923"
"Computer and information sciences","DOE",2013,2015,2016,50414,51461,58125,7711,"0.1530",6664,"0.1295"
"Computer and information sciences","DOE",2013,2016,2017,50414,58125,50842,428,"0.0085",-7283,"-0.1253"
"Computer and information sciences","DOE",2013,2017,2018,50414,50842,52973,2559,"0.0508",2131,"0.0419"
"Computer and information sciences","DOE",2013,2018,2019,50414,52973,50077,-337,"-0.0067",-2896,"-0.0547"
"Computer and information sciences","DOE",2013,2019,2020,50414,50077,48282,-2132,"-0.0423",-1795,"-0.0358"
"Computer and information sciences","DOE",2013,2020,2021,50414,48282,57168,6754,"0.1340",8886,"0.1840"
"Computer and information sciences","DOE",2013,2021,2022,50414,57168,65081,14667,"0.2909",7913,"0.1384"
"Computer and information sciences","DOE",2013,2022,2023,50414,65081,71235,20821,"0.4130",6154,"0.0946"
"Computer and information sciences","HHS",2013,2012,2013,80514,98909,80514,0,"0.0000",-18395,"-0.1860"
"Computer and information sciences","HHS",2013,2013,2014,80514,80514,72284,-8230,"-0.1022",-8230,"-0.1022"
"Computer and information sciences","HHS",2013,2014,2015,80514,72284,74742,-5772,"-0.0717",2458,"0.0340"
"Computer and information sciences","HHS",2013,2015,2016,80514,74742,80679,165,"0.0020",5937,"0.0794"
"Computer and information sciences","HHS",2013,2016,2017,80514,80679,88079,7565,"0.0940",7400,"0.0917"
"Computer and information sciences","HHS",2013,2017,2018,80514,88079,107035,26521,"0.3294",18956,"0.2152"
"Computer and information sciences","HHS",2013,2018,2019,80514,107035,119929,39415,"0.4895",12894,"0.1205"
"Computer and information sciences","HHS",2013,2019,2020,80514,119929,126044,45530,"0.5655",6115,"0.0510"
"Computer and information sciences","HHS",2013,2020,2021,80514,126044,139415,58901,"0.7316",13371,"0.1061"
"Computer and information sciences","HHS",2013,2021,2022,80514,139415,175294,94780,"1.1772",35879,"0.2574"
"Computer and information sciences","HHS",2013,2022,2023,80514,175294,194801,114287,"1.4195",19507,"0.1113"
"Computer and information sciences","NASA",2013,2012,2013,16794,19145,16794,0,"0.0000",-2351,"-0.1228"
"Computer and information sciences","NASA",2013,2013,2014,16794,16794,17809,1015,"0.0604",1015,"0.0604"
"Computer and information sciences","NASA",2013,2014,2015,16794,17809,19419,2625,"0.1563",1610,"0.0904"
"Computer and information sciences","NASA",2013,2015,2016,16794,19419,16320,-474,"-0.0282",-3099,"-0.1596"
"Computer and information sciences","NASA",2013,2016,2017,16794,16320,18388,1594,"0.0949",2068,"0.1267"
"Computer and information sciences","NASA",2013,2017,2018,16794,18388,21865,5071,"0.3020",3477,"0.1891"
"Computer and information sciences","NASA",2013,2018,2019,16794,21865,22842,6048,"0.3601",977,"0.0447"
"Computer and information sciences","NASA",2013,2019,2020,16794,22842,18865,2071,"0.1233",-3977,"-0.1741"
"Computer and information sciences","NASA",2013,2020,2021,16794,18865,23134,6340,"0.3775",4269,"0.2263"
"Computer and information sciences","NASA",2013,2021,2022,16794,23134,27181,10387,"0.6185",4047,"0.1749"
"Computer and information sciences","NASA",2013,2022,2023,16794,27181,30726,13932,"0.8296",3545,"0.1304"
"Computer and information sciences","NSF",2013,2012,2013,706221,570757,706221,0,"0.0000",135464,"0.2373"
"Computer and information sciences","NSF",2013,2013,2014,706221,706221,556831,-149390,"-0.2115",-149390,"-0.2115"
"Computer and information sciences","NSF",2013,2014,2015,706221,556831,579693,-126528,"-0.1792",22862,"0.0411"
"Computer and information sciences","NSF",2013,2015,2016,706221,579693,590104,-116117,"-0.1644",10411,"0.0180"
"Computer and information sciences","NSF",2013,2016,2017,706221,590104,616837,-89384,"-0.1266",26733,"0.0453"
"Computer and information sciences","NSF",2013,2017,2018,706221,616837,624511,-81710,"-0.1157",7674,"0.0124"
"Computer and information sciences","NSF",2013,2018,2019,706221,624511,629904,-76317,"-0.1081",5393,"0.0086"
"Computer and information sciences","NSF",2013,2019,2020,706221,629904,745864,39643,"0.0561",115960,"0.1841"
"Computer and information sciences","NSF",2013,2020,2021,706221,745864,707378,1157,"0.0016",-38486,"-0.0516"
"Computer and information sciences","NSF",2013,2021,2022,706221,707378,748352,42131,"0.0597",40974,"0.0579"
"Computer and information sciences","NSF",2013,2022,2023,706221,748352,844522,138301,"0.1958",96170,"0.1285"
"Computer and information sciences","Other agencies",2013,2012,2013,147689,143721,147689,0,"0.0000",3968,"0.0276"
"Computer and information sciences","Other agencies",2013,2013,2014,147689,147689,134773,-12916,"-0.0875",-12916,"-0.0875"
"Computer and information sciences","Other agencies",2013,2014,2015,147689,134773,130413,-17276,"-0.1170",-4360,"-0.0324"
"Computer and information sciences","Other agencies",2013,2015,2016,147689,130413,90424,-57265,"-0.3877",-39989,"-0.3066"
"Computer and information sciences","Other agencies",2013,2016,2017,147689,90424,109794,-37895,"-0.2566",19370,"0.2142"
"Computer and information sciences","Other agencies",2013,2017,2018,147689,109794,105383,-42306,"-0.2865",-4411,"-0.0402"
"Computer and information sciences","Other agencies",2013,2018,2019,147689,105383,111399,-36290,"-0.2457",6016,"0.0571"
"Computer and information sciences","Other agencies",2013,2019,2020,147689,111399,112218,-35471,"-0.2402",819,"0.0074"
"Computer and information sciences","Other agencies",2013,2020,2021,147689,112218,130760,-16929,"-0.1146",18542,"0.1652"
"Computer and information sciences","Other agencies",2013,2021,2022,147689,130760,125434,-22255,"-0.1507",-5326,"-0.0407"
"Computer and information sciences","Other agencies",2013,2022,2023,147689,125434,167807,20118,"0.1362",42373,"0.3378"
"Computer and information sciences","Total",2013,2012,2013,1552300,1360430,1552300,0,"0.0000",191870,"0.1410"
"Computer and information sciences","Total",2013,2013,2014,1552300,1552300,1390677,-161623,"-0.1041",-161623,"-0.1041"
"Computer and information sciences","Total",2013,2014,2015,1552300,1390677,1419654,-132646,"-0.0855",28977,"0.0208"
"Computer and information sciences","Total",2013,2015,2016,1552300,1419654,1443353,-108947,"-0.0702",23699,"0.0167"
"Computer and information sciences","Total",2013,2016,2017,1552300,1443353,1497617,-54683,"-0.0352",54264,"0.0376"
"Computer and information sciences","Total",2013,2017,2018,1552300,1497617,1629987,77687,"0.0500",132370,"0.0884"
"Computer and information sciences","Total",2013,2018,2019,1552300,1629987,1794430,242130,"0.1560",164443,"0.1009"
"Computer and information sciences","Total",2013,2019,2020,1552300,1794430,2000234,447934,"0.2886",205804,"0.1147"
"Computer and information sciences","Total",2013,2020,2021,1552300,2000234,1995236,442936,"0.2853",-4998,"-0.0025"
"Computer and information sciences","Total",2013,2021,2022,1552300,1995236,2160601,608301,"0.3919",165365,"0.0829"
"Computer and information sciences","Total",2013,2022,2023,1552300,2160601,2417938,865638,"0.5576",257337,"0.1191"
"Computer and information sciences","USDA",2013,2012,2013,3487,1479,3487,0,"0.0000",2008,"1.3577"
"Computer and information sciences","USDA",2013,2013,2014,3487,3487,7880,4393,"1.2598",4393,"1.2598"
"Computer and information sciences","USDA",2013,2014,2015,3487,7880,4473,986,"0.2828",-3407,"-0.4324"
"Computer and information sciences","USDA",2013,2015,2016,3487,4473,3496,9,"0.0026",-977,"-0.2184"
"Computer and information sciences","USDA",2013,2016,2017,3487,3496,4295,808,"0.2317",799,"0.2285"
"Computer and information sciences","USDA",2013,2017,2018,3487,4295,6291,2804,"0.8041",1996,"0.4647"
"Computer and information sciences","USDA",2013,2018,2019,3487,6291,6361,2874,"0.8242",70,"0.0111"
"Computer and information sciences","USDA",2013,2019,2020,3487,6361,6514,3027,"0.8681",153,"0.0241"
"Computer and information sciences","USDA",2013,2020,2021,3487,6514,8979,5492,"1.5750",2465,"0.3784"
"Computer and information sciences","USDA",2013,2021,2022,3487,8979,13686,10199,"2.9249",4707,"0.5242"
"Computer and information sciences","USDA",2013,2022,2023,3487,13686,19686,16199,"4.6455",6000,"0.4384"
"Engineering","DOD",2013,2012,2013,2457722,2423941,2457722,0,"0.0000",33781,"0.0139"
"Engineering","DOD",2013,2013,2014,2457722,2457722,2424238,-33484,"-0.0136",-33484,"-0.0136"
"Engineering","DOD",2013,2014,2015,2457722,2424238,2429824,-27898,"-0.0114",5586,"0.0023"
"Engineering","DOD",2013,2015,2016,2457722,2429824,2607152,149430,"0.0608",177328,"0.0730"
"Engineering","DOD",2013,2016,2017,2457722,2607152,2814691,356969,"0.1452",207539,"0.0796"
"Engineering","DOD",2013,2017,2018,2457722,2814691,2936264,478542,"0.1947",121573,"0.0432"
"Engineering","DOD",2013,2018,2019,2457722,2936264,3268039,810317,"0.3297",331775,"0.1130"
"Engineering","DOD",2013,2019,2020,2457722,3268039,3525095,1067373,"0.4343",257056,"0.0787"
"Engineering","DOD",2013,2020,2021,2457722,3525095,3703652,1245930,"0.5069",178557,"0.0507"
"Engineering","DOD",2013,2021,2022,2457722,3703652,4120017,1662295,"0.6764",416365,"0.1124"
"Engineering","DOD",2013,2022,2023,2457722,4120017,4687204,2229482,"0.9071",567187,"0.1377"
"Engineering","DOE",2013,2012,2013,786858,796281,786858,0,"0.0000",-9423,"-0.0118"
"Engineering","DOE",2013,2013,2014,786858,786858,789593,2735,"0.0035",2735,"0.0035"
"Engineering","DOE",2013,2014,2015,786858,789593,741667,-45191,"-0.0574",-47926,"-0.0607"
"Engineering","DOE",2013,2015,2016,786858,741667,697972,-88886,"-0.1130",-43695,"-0.0589"
"Engineering","DOE",2013,2016,2017,786858,697972,722129,-64729,"-0.0823",24157,"0.0346"
"Engineering","DOE",2013,2017,2018,786858,722129,719985,-66873,"-0.0850",-2144,"-0.0030"
"Engineering","DOE",2013,2018,2019,786858,719985,790845,3987,"0.0051",70860,"0.0984"
"Engineering","DOE",2013,2019,2020,786858,790845,869820,82962,"0.1054",78975,"0.0999"
"Engineering","DOE",2013,2020,2021,786858,869820,959408,172550,"0.2193",89588,"0.1030"
"Engineering","DOE",2013,2021,2022,786858,959408,1099733,312875,"0.3976",140325,"0.1463"
"Engineering","DOE",2013,2022,2023,786858,1099733,1190092,403234,"0.5125",90359,"0.0822"
"Engineering","HHS",2013,2012,2013,634340,651362,634340,0,"0.0000",-17022,"-0.0261"
"Engineering","HHS",2013,2013,2014,634340,634340,619269,-15071,"-0.0238",-15071,"-0.0238"
"Engineering","HHS",2013,2014,2015,634340,619269,611904,-22436,"-0.0354",-7365,"-0.0119"
"Engineering","HHS",2013,2015,2016,634340,611904,657472,23132,"0.0365",45568,"0.0745"
"Engineering","HHS",2013,2016,2017,634340,657472,693490,59150,"0.0932",36018,"0.0548"
"Engineering","HHS",2013,2017,2018,634340,693490,791674,157334,"0.2480",98184,"0.1416"
"Engineering","HHS",2013,2018,2019,634340,791674,890839,256499,"0.4044",99165,"0.1253"
"Engineering","HHS",2013,2019,2020,634340,890839,935627,301287,"0.4750",44788,"0.0503"
"Engineering","HHS",2013,2020,2021,634340,935627,1028653,394313,"0.6216",93026,"0.0994"
"Engineering","HHS",2013,2021,2022,634340,1028653,1213312,578972,"0.9127",184659,"0.1795"
"Engineering","HHS",2013,2022,2023,634340,1213312,1346015,711675,"1.1219",132703,"0.1094"
"Engineering","NASA",2013,2012,2013,421969,408690,421969,0,"0.0000",13279,"0.0325"
"Engineering","NASA",2013,2013,2014,421969,421969,435288,13319,"0.0316",13319,"0.0316"
"Engineering","NASA",2013,2014,2015,421969,435288,485169,63200,"0.1498",49881,"0.1146"
"Engineering","NASA",2013,2015,2016,421969,485169,512527,90558,"0.2146",27358,"0.0564"
"Engineering","NASA",2013,2016,2017,421969,512527,445558,23589,"0.0559",-66969,"-0.1307"
"Engineering","NASA",2013,2017,2018,421969,445558,447825,25856,"0.0613",2267,"0.0051"
"Engineering","NASA",2013,2018,2019,421969,447825,460556,38587,"0.0914",12731,"0.0284"
"Engineering","NASA",2013,2019,2020,421969,460556,510539,88570,"0.2099",49983,"0.1085"
"Engineering","NASA",2013,2020,2021,421969,510539,560323,138354,"0.3279",49784,"0.0975"
"Engineering","NASA",2013,2021,2022,421969,560323,660956,238987,"0.5664",100633,"0.1796"
"Engineering","NASA",2013,2022,2023,421969,660956,713488,291519,"0.6909",52532,"0.0795"
"Engineering","NSF",2013,2012,2013,1246500,1178954,1246500,0,"0.0000",67546,"0.0573"
"Engineering","NSF",2013,2013,2014,1246500,1246500,1255247,8747,"0.0070",8747,"0.0070"
"Engineering","NSF",2013,2014,2015,1246500,1255247,1282252,35752,"0.0287",27005,"0.0215"
"Engineering","NSF",2013,2015,2016,1246500,1282252,1270221,23721,"0.0190",-12031,"-0.0094"
"Engineering","NSF",2013,2016,2017,1246500,1270221,1286550,40050,"0.0321",16329,"0.0129"
"Engineering","NSF",2013,2017,2018,1246500,1286550,1307342,60842,"0.0488",20792,"0.0162"
"Engineering","NSF",2013,2018,2019,1246500,1307342,1351806,105306,"0.0845",44464,"0.0340"
"Engineering","NSF",2013,2019,2020,1246500,1351806,1362610,116110,"0.0931",10804,"0.0080"
"Engineering","NSF",2013,2020,2021,1246500,1362610,1389934,143434,"0.1151",27324,"0.0201"
"Engineering","NSF",2013,2021,2022,1246500,1389934,1536984,290484,"0.2330",147050,"0.1058"
"Engineering","NSF",2013,2022,2023,1246500,1536984,1731109,484609,"0.3888",194125,"0.1263"
"Engineering","Other agencies",2013,2012,2013,894267,929317,894267,0,"0.0000",-35050,"-0.0377"
"Engineering","Other agencies",2013,2013,2014,894267,894267,848809,-45458,"-0.0508",-45458,"-0.0508"
"Engineering","Other agencies",2013,2014,2015,894267,848809,855424,-38843,"-0.0434",6615,"0.0078"
"Engineering","Other agencies",2013,2015,2016,894267,855424,771082,-123185,"-0.1377",-84342,"-0.0986"
"Engineering","Other agencies",2013,2016,2017,894267,771082,795775,-98492,"-0.1101",24693,"0.0320"
"Engineering","Other agencies",2013,2017,2018,894267,795775,819243,-75024,"-0.0839",23468,"0.0295"
"Engineering","Other agencies",2013,2018,2019,894267,819243,829108,-65159,"-0.0729",9865,"0.0120"
"Engineering","Other agencies",2013,2019,2020,894267,829108,841811,-52456,"-0.0587",12703,"0.0153"
"Engineering","Other agencies",2013,2020,2021,894267,841811,996066,101799,"0.1138",154255,"0.1832"
"Engineering","Other agencies",2013,2021,2022,894267,996066,1041237,146970,"0.1643",45171,"0.0453"
"Engineering","Other agencies",2013,2022,2023,894267,1041237,1156754,262487,"0.2935",115517,"0.1109"
"Engineering","Total",2013,2012,2013,6499575,6442986,6499575,0,"0.0000",56589,"0.0088"
"Engineering","Total",2013,2013,2014,6499575,6499575,6424206,-75369,"-0.0116",-75369,"-0.0116"
"Engineering","Total",2013,2014,2015,6499575,6424206,6458636,-40939,"-0.0063",34430,"0.0054"
"Engineering","Total",2013,2015,2016,6499575,6458636,6583092,83517,"0.0128",124456,"0.0193"
"Engineering","Total",2013,2016,2017,6499575,6583092,6828730,329155,"0.0506",245638,"0.0373"
"Engineering","Total",2013,2017,2018,6499575,6828730,7093485,593910,"0.0914",264755,"0.0388"
"Engineering","Total",2013,2018,2019,6499575,7093485,7667982,1168407,"0.1798",574497,"0.0810"
"Engineering","Total",2013,2019,2020,6499575,7667982,8119690,1620115,"0.2493",451708,"0.0589"
"Engineering","Total",2013,2020,2021,6499575,8119690,8713379,2213804,"0.3406",593689,"0.0731"
"Engineering","Total",2013,2021,2022,6499575,8713379,9759899,3260324,"0.5016",1046520,"0.1201"
"Engineering","Total",2013,2022,2023,6499575,9759899,10931327,4431752,"0.6819",1171428,"0.1200"
"Engineering","USDA",2013,2012,2013,57919,54441,57919,0,"0.0000",3478,"0.0639"
"Engineering","USDA",2013,2013,2014,57919,57919,51762,-6157,"-0.1063",-6157,"-0.1063"
"Engineering","USDA",2013,2014,2015,57919,51762,52396,-5523,"-0.0954",634,"0.0122"
"Engineering","USDA",2013,2015,2016,57919,52396,66666,8747,"0.1510",14270,"0.2723"
"Engineering","USDA",2013,2016,2017,57919,66666,70537,12618,"0.2179",3871,"0.0581"
"Engineering","USDA",2013,2017,2018,57919,70537,71152,13233,"0.2285",615,"0.0087"
"Engineering","USDA",2013,2018,2019,57919,71152,76789,18870,"0.3258",5637,"0.0792"
"Engineering","USDA",2013,2019,2020,57919,76789,74188,16269,"0.2809",-2601,"-0.0339"
"Engineering","USDA",2013,2020,2021,57919,74188,75343,17424,"0.3008",1155,"0.0156"
"Engineering","USDA",2013,2021,2022,57919,75343,87660,29741,"0.5135",12317,"0.1635"
"Engineering","USDA",2013,2022,2023,57919,87660,106665,48746,"0.8416",19005,"0.2168"
"Life sciences","DOD",2013,2012,2013,907875,849491,907875,0,"0.0000",58384,"0.0687"
"Life sciences","DOD",2013,2013,2014,907875,907875,878024,-29851,"-0.0329",-29851,"-0.0329"
"Life sciences","DOD",2013,2014,2015,907875,878024,1051886,144011,"0.1586",173862,"0.1980"
"Life sciences","DOD",2013,2015,2016,907875,1051886,955297,47422,"0.0522",-96589,"-0.0918"
"Life sciences","DOD",2013,2016,2017,907875,955297,1042820,134945,"0.1486",87523,"0.0916"
"Life sciences","DOD",2013,2017,2018,907875,1042820,1139262,231387,"0.2549",96442,"0.0925"
"Life sciences","DOD",2013,2018,2019,907875,1139262,1319100,411225,"0.4530",179838,"0.1579"
"Life sciences","DOD",2013,2019,2020,907875,1319100,1329900,422025,"0.4648",10800,"0.0082"
"Life sciences","DOD",2013,2020,2021,907875,1329900,1421690,513815,"0.5660",91790,"0.0690"
"Life sciences","DOD",2013,2021,2022,907875,1421690,1398268,490393,"0.5402",-23422,"-0.0165"
"Life sciences","DOD",2013,2022,2023,907875,1398268,1632039,724164,"0.7976",233771,"0.1672"
"Life sciences","DOE",2013,2012,2013,216630,227133,216630,0,"0.0000",-10503,"-0.0462"
"Life sciences","DOE",2013,2013,2014,216630,216630,185391,-31239,"-0.1442",-31239,"-0.1442"
"Life sciences","DOE",2013,2014,2015,216630,185391,164315,-52315,"-0.2415",-21076,"-0.1137"
"Life sciences","DOE",2013,2015,2016,216630,164315,160767,-55863,"-0.2579",-3548,"-0.0216"
"Life sciences","DOE",2013,2016,2017,216630,160767,165064,-51566,"-0.2380",4297,"0.0267"
"Life sciences","DOE",2013,2017,2018,216630,165064,197483,-19147,"-0.0884",32419,"0.1964"
"Life sciences","DOE",2013,2018,2019,216630,197483,225939,9309,"0.0430",28456,"0.1441"
"Life sciences","DOE",2013,2019,2020,216630,225939,234836,18206,"0.0840",8897,"0.0394"
"Life sciences","DOE",2013,2020,2021,216630,234836,239444,22814,"0.1053",4608,"0.0196"
"Life sciences","DOE",2013,2021,2022,216630,239444,252495,35865,"0.1656",13051,"0.0545"
"Life sciences","DOE",2013,2022,2023,216630,252495,236841,20211,"0.0933",-15654,"-0.0620"
"Life sciences","HHS",2013,2012,2013,18647443,19157100,18647443,0,"0.0000",-509657,"-0.0266"
"Life sciences","HHS",2013,2013,2014,18647443,18647443,17841751,-805692,"-0.0432",-805692,"-0.0432"
"Life sciences","HHS",2013,2014,2015,18647443,17841751,17540722,-1106721,"-0.0593",-301029,"-0.0169"
"Life sciences","HHS",2013,2015,2016,18647443,17540722,18139041,-508402,"-0.0273",598319,"0.0341"
"Life sciences","HHS",2013,2016,2017,18647443,18139041,18995673,348230,"0.0187",856632,"0.0472"
"Life sciences","HHS",2013,2017,2018,18647443,18995673,20039041,1391598,"0.0746",1043368,"0.0549"
"Life sciences","HHS",2013,2018,2019,18647443,20039041,21363471,2716028,"0.1457",1324430,"0.0661"
"Life sciences","HHS",2013,2019,2020,18647443,21363471,22221831,3574388,"0.1917",858360,"0.0402"
"Life sciences","HHS",2013,2020,2021,18647443,22221831,24176012,5528569,"0.2965",1954181,"0.0879"
"Life sciences","HHS",2013,2021,2022,18647443,24176012,26460917,7813474,"0.4190",2284905,"0.0945"
"Life sciences","HHS",2013,2022,2023,18647443,26460917,28903440,10255997,"0.5500",2442523,"0.0923"
"Life sciences","NASA",2013,2012,2013,84615,79479,84615,0,"0.0000",5136,"0.0646"
"Life sciences","NASA",2013,2013,2014,84615,84615,83451,-1164,"-0.0138",-1164,"-0.0138"
"Life sciences","NASA",2013,2014,2015,84615,83451,89212,4597,"0.0543",5761,"0.0690"
"Life sciences","NASA",2013,2015,2016,84615,89212,91890,7275,"0.0860",2678,"0.0300"
"Life sciences","NASA",2013,2016,2017,84615,91890,73900,-10715,"-0.1266",-17990,"-0.1958"
"Life sciences","NASA",2013,2017,2018,84615,73900,78689,-5926,"-0.0700",4789,"0.0648"
"Life sciences","NASA",2013,2018,2019,84615,78689,95059,10444,"0.1234",16370,"0.2080"
"Life sciences","NASA",2013,2019,2020,84615,95059,92929,8314,"0.0983",-2130,"-0.0224"
"Life sciences","NASA",2013,2020,2021,84615,92929,89644,5029,"0.0594",-3285,"-0.0353"
"Life sciences","NASA",2013,2021,2022,84615,89644,89569,4954,"0.0585",-75,"-0.0008"
"Life sciences","NASA",2013,2022,2023,84615,89569,91364,6749,"0.0798",1795,"0.0200"
"Life sciences","NSF",2013,2012,2013,768553,773002,768553,0,"0.0000",-4449,"-0.0058"
"Life sciences","NSF",2013,2013,2014,768553,768553,726955,-41598,"-0.0541",-41598,"-0.0541"
"Life sciences","NSF",2013,2014,2015,768553,726955,730884,-37669,"-0.0490",3929,"0.0054"
"Life sciences","NSF",2013,2015,2016,768553,730884,726425,-42128,"-0.0548",-4459,"-0.0061"
"Life sciences","NSF",2013,2016,2017,768553,726425,749849,-18704,"-0.0243",23424,"0.0322"
"Life sciences","NSF",2013,2017,2018,768553,749849,750529,-18024,"-0.0235",680,"0.0009"
"Life sciences","NSF",2013,2018,2019,768553,750529,757276,-11277,"-0.0147",6747,"0.0090"
"Life sciences","NSF",2013,2019,2020,768553,757276,716845,-51708,"-0.0673",-40431,"-0.0534"
"Life sciences","NSF",2013,2020,2021,768553,716845,735221,-33332,"-0.0434",18376,"0.0256"
"Life sciences","NSF",2013,2021,2022,768553,735221,852562,84009,"0.1093",117341,"0.1596"
"Life sciences","NSF",2013,2022,2023,768553,852562,907224,138671,"0.1804",54662,"0.0641"
"Life sciences","Other agencies",2013,2012,2013,726149,784391,726149,0,"0.0000",-58242,"-0.0743"
"Life sciences","Other agencies",2013,2013,2014,726149,726149,696349,-29800,"-0.0410",-29800,"-0.0410"
"Life sciences","Other agencies",2013,2014,2015,726149,696349,686745,-39404,"-0.0543",-9604,"-0.0138"
"Life sciences","Other agencies",2013,2015,2016,726149,686745,735279,9130,"0.0126",48534,"0.0707"
"Life sciences","Other agencies",2013,2016,2017,726149,735279,736715,10566,"0.0146",1436,"0.0020"
"Life sciences","Other agencies",2013,2017,2018,726149,736715,705821,-20328,"-0.0280",-30894,"-0.0419"
"Life sciences","Other agencies",2013,2018,2019,726149,705821,685698,-40451,"-0.0557",-20123,"-0.0285"
"Life sciences","Other agencies",2013,2019,2020,726149,685698,607229,-118920,"-0.1638",-78469,"-0.1144"
"Life sciences","Other agencies",2013,2020,2021,726149,607229,716261,-9888,"-0.0136",109032,"0.1796"
"Life sciences","Other agencies",2013,2021,2022,726149,716261,679543,-46606,"-0.0642",-36718,"-0.0513"
"Life sciences","Other agencies",2013,2022,2023,726149,679543,739970,13821,"0.0190",60427,"0.0889"
"Life sciences","Total",2013,2012,2013,22227173,22753602,22227173,0,"0.0000",-526429,"-0.0231"
"Life sciences","Total",2013,2013,2014,22227173,22227173,21270352,-956821,"-0.0430",-956821,"-0.0430"
"Life sciences","Total",2013,2014,2015,22227173,21270352,21163876,-1063297,"-0.0478",-106476,"-0.0050"
"Life sciences","Total",2013,2015,2016,22227173,21163876,21794958,-432215,"-0.0194",631082,"0.0298"
"Life sciences","Total",2013,2016,2017,22227173,21794958,22749389,522216,"0.0235",954431,"0.0438"
"Life sciences","Total",2013,2017,2018,22227173,22749389,23864617,1637444,"0.0737",1115228,"0.0490"
"Life sciences","Total",2013,2018,2019,22227173,23864617,25435400,3208227,"0.1443",1570783,"0.0658"
"Life sciences","Total",2013,2019,2020,22227173,25435400,26230572,4003399,"0.1801",795172,"0.0313"
"Life sciences","Total",2013,2020,2021,22227173,26230572,28448591,6221418,"0.2799",2218019,"0.0846"
"Life sciences","Total",2013,2021,2022,22227173,28448591,30958946,8731773,"0.3928",2510355,"0.0882"
"Life sciences","Total",2013,2022,2023,22227173,30958946,33896235,11669062,"0.5250",2937289,"0.0949"
"Life sciences","USDA",2013,2012,2013,875908,883006,875908,0,"0.0000",-7098,"-0.0080"
"Life sciences","USDA",2013,2013,2014,875908,875908,858431,-17477,"-0.0200",-17477,"-0.0200"
"Life sciences","USDA",2013,2014,2015,875908,858431,900112,24204,"0.0276",41681,"0.0486"
"Life sciences","USDA",2013,2015,2016,875908,900112,986259,110351,"0.1260",86147,"0.0957"
"Life sciences","USDA",2013,2016,2017,875908,986259,985368,109460,"0.1250",-891,"-0.0009"
"Life sciences","USDA",2013,2017,2018,875908,985368,953792,77884,"0.0889",-31576,"-0.0320"
"Life sciences","USDA",2013,2018,2019,875908,953792,988857,112949,"0.1290",35065,"0.0368"
"Life sciences","USDA",2013,2019,2020,875908,988857,1027002,151094,"0.1725",38145,"0.0386"
"Life sciences","USDA",2013,2020,2021,875908,1027002,1070319,194411,"0.2220",43317,"0.0422"
"Life sciences","USDA",2013,2021,2022,875908,1070319,1225592,349684,"0.3992",155273,"0.1451"
"Life sciences","USDA",2013,2022,2023,875908,1225592,1385357,509449,"0.5816",159765,"0.1304"
"Mathematics and statistics","DOD",2013,2012,2013,93534,88419,93534,0,"0.0000",5115,"0.0578"
"Mathematics and statistics","DOD",2013,2013,2014,93534,93534,96234,2700,"0.0289",2700,"0.0289"
"Mathematics and statistics","DOD",2013,2014,2015,93534,96234,90985,-2549,"-0.0273",-5249,"-0.0545"
"Mathematics and statistics","DOD",2013,2015,2016,93534,90985,120463,26929,"0.2879",29478,"0.3240"
"Mathematics and statistics","DOD",2013,2016,2017,93534,120463,106083,12549,"0.1342",-14380,"-0.1194"
"Mathematics and statistics","DOD",2013,2017,2018,93534,106083,116186,22652,"0.2422",10103,"0.0952"
"Mathematics and statistics","DOD",2013,2018,2019,93534,116186,123308,29774,"0.3183",7122,"0.0613"
"Mathematics and statistics","DOD",2013,2019,2020,93534,123308,139782,46248,"0.4945",16474,"0.1336"
"Mathematics and statistics","DOD",2013,2020,2021,93534,139782,152712,59178,"0.6327",12930,"0.0925"
"Mathematics and statistics","DOD",2013,2021,2022,93534,152712,172197,78663,"0.8410",19485,"0.1276"
"Mathematics and statistics","DOD",2013,2022,2023,93534,172197,185496,91962,"0.9832",13299,"0.0772"
"Mathematics and statistics","DOE",2013,2012,2013,15107,17739,15107,0,"0.0000",-2632,"-0.1484"
"Mathematics and statistics","DOE",2013,2013,2014,15107,15107,12425,-2682,"-0.1775",-2682,"-0.1775"
"Mathematics and statistics","DOE",2013,2014,2015,15107,12425,11686,-3421,"-0.2265",-739,"-0.0595"
"Mathematics and statistics","DOE",2013,2015,2016,15107,11686,11662,-3445,"-0.2280",-24,"-0.0021"
"Mathematics and statistics","DOE",2013,2016,2017,15107,11662,11018,-4089,"-0.2707",-644,"-0.0552"
"Mathematics and statistics","DOE",2013,2017,2018,15107,11018,11609,-3498,"-0.2315",591,"0.0536"
"Mathematics and statistics","DOE",2013,2018,2019,15107,11609,8274,-6833,"-0.4523",-3335,"-0.2873"
"Mathematics and statistics","DOE",2013,2019,2020,15107,8274,9127,-5980,"-0.3958",853,"0.1031"
"Mathematics and statistics","DOE",2013,2020,2021,15107,9127,9301,-5806,"-0.3843",174,"0.0191"
"Mathematics and statistics","DOE",2013,2021,2022,15107,9301,11593,-3514,"-0.2326",2292,"0.2464"
"Mathematics and statistics","DOE",2013,2022,2023,15107,11593,10810,-4297,"-0.2844",-783,"-0.0675"
"Mathematics and statistics","HHS",2013,2012,2013,47353,75975,47353,0,"0.0000",-28622,"-0.3767"
"Mathematics and statistics","HHS",2013,2013,2014,47353,47353,44648,-2705,"-0.0571",-2705,"-0.0571"
"Mathematics and statistics","HHS",2013,2014,2015,47353,44648,42720,-4633,"-0.0978",-1928,"-0.0432"
"Mathematics and statistics","HHS",2013,2015,2016,47353,42720,46660,-693,"-0.0146",3940,"0.0922"
"Mathematics and statistics","HHS",2013,2016,2017,47353,46660,57442,10089,"0.2131",10782,"0.2311"
"Mathematics and statistics","HHS",2013,2017,2018,47353,57442,57381,10028,"0.2118",-61,"-0.0011"
"Mathematics and statistics","HHS",2013,2018,2019,47353,57381,66228,18875,"0.3986",8847,"0.1542"
"Mathematics and statistics","HHS",2013,2019,2020,47353,66228,65316,17963,"0.3793",-912,"-0.0138"
"Mathematics and statistics","HHS",2013,2020,2021,47353,65316,68099,20746,"0.4381",2783,"0.0426"
"Mathematics and statistics","HHS",2013,2021,2022,47353,68099,72356,25003,"0.5280",4257,"0.0625"
"Mathematics and statistics","HHS",2013,2022,2023,47353,72356,73821,26468,"0.5590",1465,"0.0202"
"Mathematics and statistics","NASA",2013,2012,2013,3904,3344,3904,0,"0.0000",560,"0.1675"
"Mathematics and statistics","NASA",2013,2013,2014,3904,3904,3821,-83,"-0.0213",-83,"-0.0213"
"Mathematics and statistics","NASA",2013,2014,2015,3904,3821,3321,-583,"-0.1493",-500,"-0.1309"
"Mathematics and statistics","NASA",2013,2015,2016,3904,3321,3145,-759,"-0.1944",-176,"-0.0530"
"Mathematics and statistics","NASA",2013,2016,2017,3904,3145,4295,391,"0.1002",1150,"0.3657"
"Mathematics and statistics","NASA",2013,2017,2018,3904,4295,4038,134,"0.0343",-257,"-0.0598"
"Mathematics and statistics","NASA",2013,2018,2019,3904,4038,4370,466,"0.1194",332,"0.0822"
"Mathematics and statistics","NASA",2013,2019,2020,3904,4370,3003,-901,"-0.2308",-1367,"-0.3128"
"Mathematics and statistics","NASA",2013,2020,2021,3904,3003,2897,-1007,"-0.2579",-106,"-0.0353"
"Mathematics and statistics","NASA",2013,2021,2022,3904,2897,20384,16480,"4.2213",17487,"6.0362"
"Mathematics and statistics","NASA",2013,2022,2023,3904,20384,101103,97199,"24.8973",80719,"3.9599"
"Mathematics and statistics","NSF",2013,2012,2013,267002,261435,267002,0,"0.0000",5567,"0.0213"
"Mathematics and statistics","NSF",2013,2013,2014,267002,267002,248718,-18284,"-0.0685",-18284,"-0.0685"
"Mathematics and statistics","NSF",2013,2014,2015,267002,248718,235558,-31444,"-0.1178",-13160,"-0.0529"
"Mathematics and statistics","NSF",2013,2015,2016,267002,235558,229751,-37251,"-0.1395",-5807,"-0.0247"
"Mathematics and statistics","NSF",2013,2016,2017,267002,229751,222701,-44301,"-0.1659",-7050,"-0.0307"
"Mathematics and statistics","NSF",2013,2017,2018,267002,222701,224608,-42394,"-0.1588",1907,"0.0086"
"Mathematics and statistics","NSF",2013,2018,2019,267002,224608,223443,-43559,"-0.1631",-1165,"-0.0052"
"Mathematics and statistics","NSF",2013,2019,2020,267002,223443,225132,-41870,"-0.1568",1689,"0.0076"
"Mathematics and statistics","NSF",2013,2020,2021,267002,225132,205674,-61328,"-0.2297",-19458,"-0.0864"
"Mathematics and statistics","NSF",2013,2021,2022,267002,205674,225573,-41429,"-0.1552",19899,"0.0968"
"Mathematics and statistics","NSF",2013,2022,2023,267002,225573,251663,-15339,"-0.0574",26090,"0.1157"
"Mathematics and statistics","Other agencies",2013,2012,2013,33609,39288,33609,0,"0.0000",-5679,"-0.1445"
"Mathematics and statistics","Other agencies",2013,2013,2014,33609,33609,31214,-2395,"-0.0713",-2395,"-0.0713"
"Mathematics and statistics","Other agencies",2013,2014,2015,33609,31214,35557,1948,"0.0580",4343,"0.1391"
"Mathematics and statistics","Other agencies",2013,2015,2016,33609,35557,27814,-5795,"-0.1724",-7743,"-0.2178"
"Mathematics and statistics","Other agencies",2013,2016,2017,33609,27814,30901,-2708,"-0.0806",3087,"0.1110"
"Mathematics and statistics","Other agencies",2013,2017,2018,33609,30901,38483,4874,"0.1450",7582,"0.2454"
"Mathematics and statistics","Other agencies",2013,2018,2019,33609,38483,36187,2578,"0.0767",-2296,"-0.0597"
"Mathematics and statistics","Other agencies",2013,2019,2020,33609,36187,37156,3547,"0.1055",969,"0.0268"
"Mathematics and statistics","Other agencies",2013,2020,2021,33609,37156,32235,-1374,"-0.0409",-4921,"-0.1324"
"Mathematics and statistics","Other agencies",2013,2021,2022,33609,32235,26798,-6811,"-0.2027",-5437,"-0.1687"
"Mathematics and statistics","Other agencies",2013,2022,2023,33609,26798,31497,-2112,"-0.0628",4699,"0.1753"
"Mathematics and statistics","Total",2013,2012,2013,464608,490534,464608,0,"0.0000",-25926,"-0.0529"
"Mathematics and statistics","Total",2013,2013,2014,464608,464608,441383,-23225,"-0.0500",-23225,"-0.0500"
"Mathematics and statistics","Total",2013,2014,2015,464608,441383,424522,-40086,"-0.0863",-16861,"-0.0382"
"Mathematics and statistics","Total",2013,2015,2016,464608,424522,444385,-20223,"-0.0435",19863,"0.0468"
"Mathematics and statistics","Total",2013,2016,2017,464608,444385,437040,-27568,"-0.0593",-7345,"-0.0165"
"Mathematics and statistics","Total",2013,2017,2018,464608,437040,456773,-7835,"-0.0169",19733,"0.0452"
"Mathematics and statistics","Total",2013,2018,2019,464608,456773,466994,2386,"0.0051",10221,"0.0224"
"Mathematics and statistics","Total",2013,2019,2020,464608,466994,485550,20942,"0.0451",18556,"0.0397"
"Mathematics and statistics","Total",2013,2020,2021,464608,485550,475732,11124,"0.0239",-9818,"-0.0202"
"Mathematics and statistics","Total",2013,2021,2022,464608,475732,537338,72730,"0.1565",61606,"0.1295"
"Mathematics and statistics","Total",2013,2022,2023,464608,537338,661446,196838,"0.4237",124108,"0.2310"
"Mathematics and statistics","USDA",2013,2012,2013,4099,4334,4099,0,"0.0000",-235,"-0.0542"
"Mathematics and statistics","USDA",2013,2013,2014,4099,4099,4323,224,"0.0546",224,"0.0546"
"Mathematics and statistics","USDA",2013,2014,2015,4099,4323,4695,596,"0.1454",372,"0.0861"
"Mathematics and statistics","USDA",2013,2015,2016,4099,4695,4890,791,"0.1930",195,"0.0415"
"Mathematics and statistics","USDA",2013,2016,2017,4099,4890,4600,501,"0.1222",-290,"-0.0593"
"Mathematics and statistics","USDA",2013,2017,2018,4099,4600,4468,369,"0.0900",-132,"-0.0287"
"Mathematics and statistics","USDA",2013,2018,2019,4099,4468,5184,1085,"0.2647",716,"0.1603"
"Mathematics and statistics","USDA",2013,2019,2020,4099,5184,6034,1935,"0.4721",850,"0.1640"
"Mathematics and statistics","USDA",2013,2020,2021,4099,6034,4814,715,"0.1744",-1220,"-0.2022"
"Mathematics and statistics","USDA",2013,2021,2022,4099,4814,8437,4338,"1.0583",3623,"0.7526"
"Mathematics and statistics","USDA",2013,2022,2023,4099,8437,7056,2957,"0.7214",-1381,"-0.1637"
"Non-S&E","DOD",2013,2012,2013,73867,83434,73867,0,"0.0000",-9567,"-0.1147"
"Non-S&E","DOD",2013,2013,2014,73867,73867,55483,-18384,"-0.2489",-18384,"-0.2489"
"Non-S&E","DOD",2013,2014,2015,73867,55483,53368,-20499,"-0.2775",-2115,"-0.0381"
"Non-S&E","DOD",2013,2015,2016,73867,53368,57093,-16774,"-0.2271",3725,"0.0698"
"Non-S&E","DOD",2013,2016,2017,73867,57093,72130,-1737,"-0.0235",15037,"0.2634"
"Non-S&E","DOD",2013,2017,2018,73867,72130,63007,-10860,"-0.1470",-9123,"-0.1265"
"Non-S&E","DOD",2013,2018,2019,73867,63007,65451,-8416,"-0.1139",2444,"0.0388"
"Non-S&E","DOD",2013,2019,2020,73867,65451,56825,-17042,"-0.2307",-8626,"-0.1318"
"Non-S&E","DOD",2013,2020,2021,73867,56825,62393,-11474,"-0.1553",5568,"0.0980"
"Non-S&E","DOD",2013,2021,2022,73867,62393,76468,2601,"0.0352",14075,"0.2256"
"Non-S&E","DOD",2013,2022,2023,73867,76468,100328,26461,"0.3582",23860,"0.3120"
"Non-S&E","DOE",2013,2012,2013,11866,24068,11866,0,"0.0000",-12202,"-0.5070"
"Non-S&E","DOE",2013,2013,2014,11866,11866,5727,-6139,"-0.5174",-6139,"-0.5174"
"Non-S&E","DOE",2013,2014,2015,11866,5727,9575,-2291,"-0.1931",3848,"0.6719"
"Non-S&E","DOE",2013,2015,2016,11866,9575,6987,-4879,"-0.4112",-2588,"-0.2703"
"Non-S&E","DOE",2013,2016,2017,11866,6987,7054,-4812,"-0.4055",67,"0.0096"
"Non-S&E","DOE",2013,2017,2018,11866,7054,5726,-6140,"-0.5174",-1328,"-0.1883"
"Non-S&E","DOE",2013,2018,2019,11866,5726,5285,-6581,"-0.5546",-441,"-0.0770"
"Non-S&E","DOE",2013,2019,2020,11866,5285,5938,-5928,"-0.4996",653,"0.1236"
"Non-S&E","DOE",2013,2020,2021,11866,5938,7335,-4531,"-0.3818",1397,"0.2353"
"Non-S&E","DOE",2013,2021,2022,11866,7335,8531,-3335,"-0.2811",1196,"0.1631"
"Non-S&E","DOE",2013,2022,2023,11866,8531,14492,2626,"0.2213",5961,"0.6987"
"Non-S&E","HHS",2013,2012,2013,222464,230284,222464,0,"0.0000",-7820,"-0.0340"
"Non-S&E","HHS",2013,2013,2014,222464,222464,217825,-4639,"-0.0209",-4639,"-0.0209"
"Non-S&E","HHS",2013,2014,2015,222464,217825,195899,-26565,"-0.1194",-21926,"-0.1007"
"Non-S&E","HHS",2013,2015,2016,222464,195899,221643,-821,"-0.0037",25744,"0.1314"
"Non-S&E","HHS",2013,2016,2017,222464,221643,243789,21325,"0.0959",22146,"0.0999"
"Non-S&E","HHS",2013,2017,2018,222464,243789,242116,19652,"0.0883",-1673,"-0.0069"
"Non-S&E","HHS",2013,2018,2019,222464,242116,272334,49870,"0.2242",30218,"0.1248"
"Non-S&E","HHS",2013,2019,2020,222464,272334,283500,61036,"0.2744",11166,"0.0410"
"Non-S&E","HHS",2013,2020,2021,222464,283500,322351,99887,"0.4490",38851,"0.1370"
"Non-S&E","HHS",2013,2021,2022,222464,322351,375591,153127,"0.6883",53240,"0.1652"
"Non-S&E","HHS",2013,2022,2023,222464,375591,433952,211488,"0.9507",58361,"0.1554"
"Non-S&E","NASA",2013,2012,2013,13396,9669,13396,0,"0.0000",3727,"0.3855"
"Non-S&E","NASA",2013,2013,2014,13396,13396,6330,-7066,"-0.5275",-7066,"-0.5275"
"Non-S&E","NASA",2013,2014,2015,13396,6330,7450,-5946,"-0.4439",1120,"0.1769"
"Non-S&E","NASA",2013,2015,2016,13396,7450,9317,-4079,"-0.3045",1867,"0.2506"
"Non-S&E","NASA",2013,2016,2017,13396,9317,9970,-3426,"-0.2557",653,"0.0701"
"Non-S&E","NASA",2013,2017,2018,13396,9970,10666,-2730,"-0.2038",696,"0.0698"
"Non-S&E","NASA",2013,2018,2019,13396,10666,10559,-2837,"-0.2118",-107,"-0.0100"
"Non-S&E","NASA",2013,2019,2020,13396,10559,7258,-6138,"-0.4582",-3301,"-0.3126"
"Non-S&E","NASA",2013,2020,2021,13396,7258,8819,-4577,"-0.3417",1561,"0.2151"
"Non-S&E","NASA",2013,2021,2022,13396,8819,10679,-2717,"-0.2028",1860,"0.2109"
"Non-S&E","NASA",2013,2022,2023,13396,10679,11672,-1724,"-0.1287",993,"0.0930"
"Non-S&E","NSF",2013,2012,2013,217573,221185,217573,0,"0.0000",-3612,"-0.0163"
"Non-S&E","NSF",2013,2013,2014,217573,217573,236092,18519,"0.0851",18519,"0.0851"
"Non-S&E","NSF",2013,2014,2015,217573,236092,237747,20174,"0.0927",1655,"0.0070"
"Non-S&E","NSF",2013,2015,2016,217573,237747,264184,46611,"0.2142",26437,"0.1112"
"Non-S&E","NSF",2013,2016,2017,217573,264184,289635,72062,"0.3312",25451,"0.0963"
"Non-S&E","NSF",2013,2017,2018,217573,289635,291867,74294,"0.3415",2232,"0.0077"
"Non-S&E","NSF",2013,2018,2019,217573,291867,291057,73484,"0.3377",-810,"-0.0028"
"Non-S&E","NSF",2013,2019,2020,217573,291057,298441,80868,"0.3717",7384,"0.0254"
"Non-S&E","NSF",2013,2020,2021,217573,298441,313672,96099,"0.4417",15231,"0.0510"
"Non-S&E","NSF",2013,2021,2022,217573,313672,336499,118926,"0.5466",22827,"0.0728"
"Non-S&E","NSF",2013,2022,2023,217573,336499,389384,171811,"0.7897",52885,"0.1572"
"Non-S&E","Other agencies",2013,2012,2013,626536,623802,626536,0,"0.0000",2734,"0.0044"
"Non-S&E","Other agencies",2013,2013,2014,626536,626536,604154,-22382,"-0.0357",-22382,"-0.0357"
"Non-S&E","Other agencies",2013,2014,2015,626536,604154,553267,-73269,"-0.1169",-50887,"-0.0842"
"Non-S&E","Other agencies",2013,2015,2016,626536,553267,512062,-114474,"-0.1827",-41205,"-0.0745"
"Non-S&E","Other agencies",2013,2016,2017,626536,512062,548546,-77990,"-0.1245",36484,"0.0712"
"Non-S&E","Other agencies",2013,2017,2018,626536,548546,591057,-35479,"-0.0566",42511,"0.0775"
"Non-S&E","Other agencies",2013,2018,2019,626536,591057,547929,-78607,"-0.1255",-43128,"-0.0730"
"Non-S&E","Other agencies",2013,2019,2020,626536,547929,546646,-79890,"-0.1275",-1283,"-0.0023"
"Non-S&E","Other agencies",2013,2020,2021,626536,546646,603859,-22677,"-0.0362",57213,"0.1047"
"Non-S&E","Other agencies",2013,2021,2022,626536,603859,634295,7759,"0.0124",30436,"0.0504"
"Non-S&E","Other agencies",2013,2022,2023,626536,634295,733852,107316,"0.1713",99557,"0.1570"
"Non-S&E","Total",2013,2012,2013,1181558,1202227,1181558,0,"0.0000",-20669,"-0.0172"
"Non-S&E","Total",2013,2013,2014,1181558,1181558,1136854,-44704,"-0.0378",-44704,"-0.0378"
"Non-S&E","Total",2013,2014,2015,1181558,1136854,1071197,-110361,"-0.0934",-65657,"-0.0578"
"Non-S&E","Total",2013,2015,2016,1181558,1071197,1112516,-69042,"-0.0584",41319,"0.0386"
"Non-S&E","Total",2013,2016,2017,1181558,1112516,1215935,34377,"0.0291",103419,"0.0930"
"Non-S&E","Total",2013,2017,2018,1181558,1215935,1247806,66248,"0.0561",31871,"0.0262"
"Non-S&E","Total",2013,2018,2019,1181558,1247806,1242901,61343,"0.0519",-4905,"-0.0039"
"Non-S&E","Total",2013,2019,2020,1181558,1242901,1237536,55978,"0.0474",-5365,"-0.0043"
"Non-S&E","Total",2013,2020,2021,1181558,1237536,1355900,174342,"0.1476",118364,"0.0956"
"Non-S&E","Total",2013,2021,2022,1181558,1355900,1491165,309607,"0.2620",135265,"0.0998"
"Non-S&E","Total",2013,2022,2023,1181558,1491165,1724799,543241,"0.4598",233634,"0.1567"
"Non-S&E","USDA",2013,2012,2013,15856,9785,15856,0,"0.0000",6071,"0.6204"
"Non-S&E","USDA",2013,2013,2014,15856,15856,11243,-4613,"-0.2909",-4613,"-0.2909"
"Non-S&E","USDA",2013,2014,2015,15856,11243,13891,-1965,"-0.1239",2648,"0.2355"
"Non-S&E","USDA",2013,2015,2016,15856,13891,41230,25374,"1.6003",27339,"1.9681"
"Non-S&E","USDA",2013,2016,2017,15856,41230,44811,28955,"1.8261",3581,"0.0869"
"Non-S&E","USDA",2013,2017,2018,15856,44811,43367,27511,"1.7351",-1444,"-0.0322"
"Non-S&E","USDA",2013,2018,2019,15856,43367,50286,34430,"2.1714",6919,"0.1595"
"Non-S&E","USDA",2013,2019,2020,15856,50286,38928,23072,"1.4551",-11358,"-0.2259"
"Non-S&E","USDA",2013,2020,2021,15856,38928,37471,21615,"1.3632",-1457,"-0.0374"
"Non-S&E","USDA",2013,2021,2022,15856,37471,49102,33246,"2.0967",11631,"0.3104"
"Non-S&E","USDA",2013,2022,2023,15856,49102,41119,25263,"1.5933",-7983,"-0.1626"
"Other sciences","DOD",2013,2012,2013,86838,99041,86838,0,"0.0000",-12203,"-0.1232"
"Other sciences","DOD",2013,2013,2014,86838,86838,68015,-18823,"-0.2168",-18823,"-0.2168"
"Other sciences","DOD",2013,2014,2015,86838,68015,75103,-11735,"-0.1351",7088,"0.1042"
"Other sciences","DOD",2013,2015,2016,86838,75103,106948,20110,"0.2316",31845,"0.4240"
"Other sciences","DOD",2013,2016,2017,86838,106948,83355,-3483,"-0.0401",-23593,"-0.2206"
"Other sciences","DOD",2013,2017,2018,86838,83355,59317,-27521,"-0.3169",-24038,"-0.2884"
"Other sciences","DOD",2013,2018,2019,86838,59317,61607,-25231,"-0.2906",2290,"0.0386"
"Other sciences","DOD",2013,2019,2020,86838,61607,67986,-18852,"-0.2171",6379,"0.1035"
"Other sciences","DOD",2013,2020,2021,86838,67986,83084,-3754,"-0.0432",15098,"0.2221"
"Other sciences","DOD",2013,2021,2022,86838,83084,111293,24455,"0.2816",28209,"0.3395"
"Other sciences","DOD",2013,2022,2023,86838,111293,110168,23330,"0.2687",-1125,"-0.0101"
"Other sciences","DOE",2013,2012,2013,28188,24857,28188,0,"0.0000",3331,"0.1340"
"Other sciences","DOE",2013,2013,2014,28188,28188,24652,-3536,"-0.1254",-3536,"-0.1254"
"Other sciences","DOE",2013,2014,2015,28188,24652,19760,-8428,"-0.2990",-4892,"-0.1984"
"Other sciences","DOE",2013,2015,2016,28188,19760,17111,-11077,"-0.3930",-2649,"-0.1341"
"Other sciences","DOE",2013,2016,2017,28188,17111,15143,-13045,"-0.4628",-1968,"-0.1150"
"Other sciences","DOE",2013,2017,2018,28188,15143,14072,-14116,"-0.5008",-1071,"-0.0707"
"Other sciences","DOE",2013,2018,2019,28188,14072,15825,-12363,"-0.4386",1753,"0.1246"
"Other sciences","DOE",2013,2019,2020,28188,15825,16286,-11902,"-0.4222",461,"0.0291"
"Other sciences","DOE",2013,2020,2021,28188,16286,27183,-1005,"-0.0357",10897,"0.6691"
"Other sciences","DOE",2013,2021,2022,28188,27183,30488,2300,"0.0816",3305,"0.1216"
"Other sciences","DOE",2013,2022,2023,28188,30488,28646,458,"0.0162",-1842,"-0.0604"
"Other sciences","HHS",2013,2012,2013,132507,114371,132507,0,"0.0000",18136,"0.1586"
"Other sciences","HHS",2013,2013,2014,132507,132507,120973,-11534,"-0.0870",-11534,"-0.0870"
"Other sciences","HHS",2013,2014,2015,132507,120973,125308,-7199,"-0.0543",4335,"0.0358"
"Other sciences","HHS",2013,2015,2016,132507,125308,109392,-23115,"-0.1744",-15916,"-0.1270"
"Other sciences","HHS",2013,2016,2017,132507,109392,102373,-30134,"-0.2274",-7019,"-0.0642"
"Other sciences","HHS",2013,2017,2018,132507,102373,94545,-37962,"-0.2865",-7828,"-0.0765"
"Other sciences","HHS",2013,2018,2019,132507,94545,109025,-23482,"-0.1772",14480,"0.1532"
"Other sciences","HHS",2013,2019,2020,132507,109025,103419,-29088,"-0.2195",-5606,"-0.0514"
"Other sciences","HHS",2013,2020,2021,132507,103419,105064,-27443,"-0.2071",1645,"0.0159"
"Other sciences","HHS",2013,2021,2022,132507,105064,127119,-5388,"-0.0407",22055,"0.2099"
"Other sciences","HHS",2013,2022,2023,132507,127119,137975,5468,"0.0413",10856,"0.0854"
"Other sciences","NASA",2013,2012,2013,3787,3051,3787,0,"0.0000",736,"0.2412"
"Other sciences","NASA",2013,2013,2014,3787,3787,4090,303,"0.0800",303,"0.0800"
"Other sciences","NASA",2013,2014,2015,3787,4090,4799,1012,"0.2672",709,"0.1733"
"Other sciences","NASA",2013,2015,2016,3787,4799,6499,2712,"0.7161",1700,"0.3542"
"Other sciences","NASA",2013,2016,2017,3787,6499,3353,-434,"-0.1146",-3146,"-0.4841"
"Other sciences","NASA",2013,2017,2018,3787,3353,6253,2466,"0.6512",2900,"0.8649"
"Other sciences","NASA",2013,2018,2019,3787,6253,7534,3747,"0.9894",1281,"0.2049"
"Other sciences","NASA",2013,2019,2020,3787,7534,5536,1749,"0.4618",-1998,"-0.2652"
"Other sciences","NASA",2013,2020,2021,3787,5536,6139,2352,"0.6211",603,"0.1089"
"Other sciences","NASA",2013,2021,2022,3787,6139,5005,1218,"0.3216",-1134,"-0.1847"
"Other sciences","NASA",2013,2022,2023,3787,5005,7513,3726,"0.9839",2508,"0.5011"
"Other sciences","NSF",2013,2012,2013,134861,135202,134861,0,"0.0000",-341,"-0.0025"
"Other sciences","NSF",2013,2013,2014,134861,134861,142797,7936,"0.0588",7936,"0.0588"
"Other sciences","NSF",2013,2014,2015,134861,142797,130761,-4100,"-0.0304",-12036,"-0.0843"
"Other sciences","NSF",2013,2015,2016,134861,130761,130489,-4372,"-0.0324",-272,"-0.0021"
"Other sciences","NSF",2013,2016,2017,134861,130489,107555,-27306,"-0.2025",-22934,"-0.1758"
"Other sciences","NSF",2013,2017,2018,134861,107555,107135,-27726,"-0.2056",-420,"-0.0039"
"Other sciences","NSF",2013,2018,2019,134861,107135,107619,-27242,"-0.2020",484,"0.0045"
"Other sciences","NSF",2013,2019,2020,134861,107619,98257,-36604,"-0.2714",-9362,"-0.0870"
"Other sciences","NSF",2013,2020,2021,134861,98257,97128,-37733,"-0.2798",-1129,"-0.0115"
"Other sciences","NSF",2013,2021,2022,134861,97128,136900,2039,"0.0151",39772,"0.4095"
"Other sciences","NSF",2013,2022,2023,134861,136900,128831,-6030,"-0.0447",-8069,"-0.0589"
"Other sciences","Other agencies",2013,2012,2013,46232,55471,46232,0,"0.0000",-9239,"-0.1666"
"Other sciences","Other agencies",2013,2013,2014,46232,46232,52168,5936,"0.1284",5936,"0.1284"
"Other sciences","Other agencies",2013,2014,2015,46232,52168,79154,32922,"0.7121",26986,"0.5173"
"Other sciences","Other agencies",2013,2015,2016,46232,79154,82750,36518,"0.7899",3596,"0.0454"
"Other sciences","Other agencies",2013,2016,2017,46232,82750,74716,28484,"0.6161",-8034,"-0.0971"
"Other sciences","Other agencies",2013,2017,2018,46232,74716,59371,13139,"0.2842",-15345,"-0.2054"
"Other sciences","Other agencies",2013,2018,2019,46232,59371,56153,9921,"0.2146",-3218,"-0.0542"
"Other sciences","Other agencies",2013,2019,2020,46232,56153,62797,16565,"0.3583",6644,"0.1183"
"Other sciences","Other agencies",2013,2020,2021,46232,62797,51708,5476,"0.1184",-11089,"-0.1766"
"Other sciences","Other agencies",2013,2021,2022,46232,51708,44996,-1236,"-0.0267",-6712,"-0.1298"
"Other sciences","Other agencies",2013,2022,2023,46232,44996,50963,4731,"0.1023",5967,"0.1326"
"Other sciences","Total",2013,2012,2013,440907,439085,440907,0,"0.0000",1822,"0.0041"
"Other sciences","Total",2013,2013,2014,440907,440907,422427,-18480,"-0.0419",-18480,"-0.0419"
"Other sciences","Total",2013,2014,2015,440907,422427,445829,4922,"0.0112",23402,"0.0554"
"Other sciences","Total",2013,2015,2016,440907,445829,465328,24421,"0.0554",19499,"0.0437"
"Other sciences","Total",2013,2016,2017,440907,465328,395190,-45717,"-0.1037",-70138,"-0.1507"
"Other sciences","Total",2013,2017,2018,440907,395190,348882,-92025,"-0.2087",-46308,"-0.1172"
"Other sciences","Total",2013,2018,2019,440907,348882,365246,-75661,"-0.1716",16364,"0.0469"
"Other sciences","Total",2013,2019,2020,440907,365246,361870,-79037,"-0.1793",-3376,"-0.0092"
"Other sciences","Total",2013,2020,2021,440907,361870,375591,-65316,"-0.1481",13721,"0.0379"
"Other sciences","Total",2013,2021,2022,440907,375591,463625,22718,"0.0515",88034,"0.2344"
"Other sciences","Total",2013,2022,2023,440907,463625,475264,34357,"0.0779",11639,"0.0251"
"Other sciences","USDA",2013,2012,2013,8494,7092,8494,0,"0.0000",1402,"0.1977"
"Other sciences","USDA",2013,2013,2014,8494,8494,9732,1238,"0.1457",1238,"0.1457"
"Other sciences","USDA",2013,2014,2015,8494,9732,10944,2450,"0.2884",1212,"0.1245"
"Other sciences","USDA",2013,2015,2016,8494,10944,12139,3645,"0.4291",1195,"0.1092"
"Other sciences","USDA",2013,2016,2017,8494,12139,8695,201,"0.0237",-3444,"-0.2837"
"Other sciences","USDA",2013,2017,2018,8494,8695,8189,-305,"-0.0359",-506,"-0.0582"
"Other sciences","USDA",2013,2018,2019,8494,8189,7483,-1011,"-0.1190",-706,"-0.0862"
"Other sciences","USDA",2013,2019,2020,8494,7483,7589,-905,"-0.1065",106,"0.0142"
"Other sciences","USDA",2013,2020,2021,8494,7589,5285,-3209,"-0.3778",-2304,"-0.3036"
"Other sciences","USDA",2013,2021,2022,8494,5285,7824,-670,"-0.0789",2539,"0.4804"
"Other sciences","USDA",2013,2022,2023,8494,7824,11168,2674,"0.3148",3344,"0.4274"
"Physical sciences","DOD",2013,2012,2013,509931,539602,509931,0,"0.0000",-29671,"-0.0550"
"Physical sciences","DOD",2013,2013,2014,509931,509931,482176,-27755,"-0.0544",-27755,"-0.0544"
"Physical sciences","DOD",2013,2014,2015,509931,482176,470676,-39255,"-0.0770",-11500,"-0.0239"
"Physical sciences","DOD",2013,2015,2016,509931,470676,524819,14888,"0.0292",54143,"0.1150"
"Physical sciences","DOD",2013,2016,2017,509931,524819,519148,9217,"0.0181",-5671,"-0.0108"
"Physical sciences","DOD",2013,2017,2018,509931,519148,519678,9747,"0.0191",530,"0.0010"
"Physical sciences","DOD",2013,2018,2019,509931,519678,602761,92830,"0.1820",83083,"0.1599"
"Physical sciences","DOD",2013,2019,2020,509931,602761,636533,126602,"0.2483",33772,"0.0560"
"Physical sciences","DOD",2013,2020,2021,509931,636533,652154,142223,"0.2789",15621,"0.0245"
"Physical sciences","DOD",2013,2021,2022,509931,652154,689033,179102,"0.3512",36879,"0.0565"
"Physical sciences","DOD",2013,2022,2023,509931,689033,739426,229495,"0.4501",50393,"0.0731"
"Physical sciences","DOE",2013,2012,2013,611537,622539,611537,0,"0.0000",-11002,"-0.0177"
"Physical sciences","DOE",2013,2013,2014,611537,611537,606224,-5313,"-0.0087",-5313,"-0.0087"
"Physical sciences","DOE",2013,2014,2015,611537,606224,590977,-20560,"-0.0336",-15247,"-0.0252"
"Physical sciences","DOE",2013,2015,2016,611537,590977,702451,90914,"0.1487",111474,"0.1886"
"Physical sciences","DOE",2013,2016,2017,611537,702451,737521,125984,"0.2060",35070,"0.0499"
"Physical sciences","DOE",2013,2017,2018,611537,737521,717275,105738,"0.1729",-20246,"-0.0275"
"Physical sciences","DOE",2013,2018,2019,611537,717275,744538,133001,"0.2175",27263,"0.0380"
"Physical sciences","DOE",2013,2019,2020,611537,744538,753358,141821,"0.2319",8820,"0.0118"
"Physical sciences","DOE",2013,2020,2021,611537,753358,794160,182623,"0.2986",40802,"0.0542"
"Physical sciences","DOE",2013,2021,2022,611537,794160,896758,285221,"0.4664",102598,"0.1292"
"Physical sciences","DOE",2013,2022,2023,611537,896758,977109,365572,"0.5978",80351,"0.0896"
"Physical sciences","HHS",2013,2012,2013,531688,568557,531688,0,"0.0000",-36869,"-0.0648"
"Physical sciences","HHS",2013,2013,2014,531688,531688,489051,-42637,"-0.0802",-42637,"-0.0802"
"Physical sciences","HHS",2013,2014,2015,531688,489051,512342,-19346,"-0.0364",23291,"0.0476"
"Physical sciences","HHS",2013,2015,2016,531688,512342,518825,-12863,"-0.0242",6483,"0.0127"
"Physical sciences","HHS",2013,2016,2017,531688,518825,539580,7892,"0.0148",20755,"0.0400"
"Physical sciences","HHS",2013,2017,2018,531688,539580,578298,46610,"0.0877",38718,"0.0718"
"Physical sciences","HHS",2013,2018,2019,531688,578298,599560,67872,"0.1277",21262,"0.0368"
"Physical sciences","HHS",2013,2019,2020,531688,599560,599833,68145,"0.1282",273,"0.0005"
"Physical sciences","HHS",2013,2020,2021,531688,599833,639784,108096,"0.2033",39951,"0.0666"
"Physical sciences","HHS",2013,2021,2022,531688,639784,678601,146913,"0.2763",38817,"0.0607"
"Physical sciences","HHS",2013,2022,2023,531688,678601,729009,197321,"0.3711",50408,"0.0743"
"Physical sciences","NASA",2013,2012,2013,455156,476565,455156,0,"0.0000",-21409,"-0.0449"
"Physical sciences","NASA",2013,2013,2014,455156,455156,442909,-12247,"-0.0269",-12247,"-0.0269"
"Physical sciences","NASA",2013,2014,2015,455156,442909,449981,-5175,"-0.0114",7072,"0.0160"
"Physical sciences","NASA",2013,2015,2016,455156,449981,468522,13366,"0.0294",18541,"0.0412"
"Physical sciences","NASA",2013,2016,2017,455156,468522,460413,5257,"0.0115",-8109,"-0.0173"
"Physical sciences","NASA",2013,2017,2018,455156,460413,510272,55116,"0.1211",49859,"0.1083"
"Physical sciences","NASA",2013,2018,2019,455156,510272,591203,136047,"0.2989",80931,"0.1586"
"Physical sciences","NASA",2013,2019,2020,455156,591203,637480,182324,"0.4006",46277,"0.0783"
"Physical sciences","NASA",2013,2020,2021,455156,637480,588784,133628,"0.2936",-48696,"-0.0764"
"Physical sciences","NASA",2013,2021,2022,455156,588784,673387,218231,"0.4795",84603,"0.1437"
"Physical sciences","NASA",2013,2022,2023,455156,673387,769296,314140,"0.6902",95909,"0.1424"
"Physical sciences","NSF",2013,2012,2013,1058367,1115122,1058367,0,"0.0000",-56755,"-0.0509"
"Physical sciences","NSF",2013,2013,2014,1058367,1058367,1000320,-58047,"-0.0548",-58047,"-0.0548"
"Physical sciences","NSF",2013,2014,2015,1058367,1000320,972400,-85967,"-0.0812",-27920,"-0.0279"
"Physical sciences","NSF",2013,2015,2016,1058367,972400,980495,-77872,"-0.0736",8095,"0.0083"
"Physical sciences","NSF",2013,2016,2017,1058367,980495,1023893,-34474,"-0.0326",43398,"0.0443"
"Physical sciences","NSF",2013,2017,2018,1058367,1023893,1041989,-16378,"-0.0155",18096,"0.0177"
"Physical sciences","NSF",2013,2018,2019,1058367,1041989,1056571,-1796,"-0.0017",14582,"0.0140"
"Physical sciences","NSF",2013,2019,2020,1058367,1056571,1069307,10940,"0.0103",12736,"0.0121"
"Physical sciences","NSF",2013,2020,2021,1058367,1069307,1069608,11241,"0.0106",301,"0.0003"
"Physical sciences","NSF",2013,2021,2022,1058367,1069608,1164338,105971,"0.1001",94730,"0.0886"
"Physical sciences","NSF",2013,2022,2023,1058367,1164338,1284351,225984,"0.2135",120013,"0.1031"
"Physical sciences","Other agencies",2013,2012,2013,136966,145337,136966,0,"0.0000",-8371,"-0.0576"
"Physical sciences","Other agencies",2013,2013,2014,136966,136966,130180,-6786,"-0.0495",-6786,"-0.0495"
"Physical sciences","Other agencies",2013,2014,2015,136966,130180,110418,-26548,"-0.1938",-19762,"-0.1518"
"Physical sciences","Other agencies",2013,2015,2016,136966,110418,86773,-50193,"-0.3665",-23645,"-0.2141"
"Physical sciences","Other agencies",2013,2016,2017,136966,86773,96846,-40120,"-0.2929",10073,"0.1161"
"Physical sciences","Other agencies",2013,2017,2018,136966,96846,98319,-38647,"-0.2822",1473,"0.0152"
"Physical sciences","Other agencies",2013,2018,2019,136966,98319,90535,-46431,"-0.3390",-7784,"-0.0792"
"Physical sciences","Other agencies",2013,2019,2020,136966,90535,89707,-47259,"-0.3450",-828,"-0.0091"
"Physical sciences","Other agencies",2013,2020,2021,136966,89707,95917,-41049,"-0.2997",6210,"0.0692"
"Physical sciences","Other agencies",2013,2021,2022,136966,95917,99499,-37467,"-0.2735",3582,"0.0373"
"Physical sciences","Other agencies",2013,2022,2023,136966,99499,107688,-29278,"-0.2138",8189,"0.0823"
"Physical sciences","Total",2013,2012,2013,3311054,3474586,3311054,0,"0.0000",-163532,"-0.0471"
"Physical sciences","Total",2013,2013,2014,3311054,3311054,3155599,-155455,"-0.0470",-155455,"-0.0470"
"Physical sciences","Total",2013,2014,2015,3311054,3155599,3111777,-199277,"-0.0602",-43822,"-0.0139"
"Physical sciences","Total",2013,2015,2016,3311054,3111777,3288043,-23011,"-0.0069",176266,"0.0566"
"Physical sciences","Total",2013,2016,2017,3311054,3288043,3384753,73699,"0.0223",96710,"0.0294"
"Physical sciences","Total",2013,2017,2018,3311054,3384753,3472520,161466,"0.0488",87767,"0.0259"
"Physical sciences","Total",2013,2018,2019,3311054,3472520,3691494,380440,"0.1149",218974,"0.0631"
"Physical sciences","Total",2013,2019,2020,3311054,3691494,3789953,478899,"0.1446",98459,"0.0267"
"Physical sciences","Total",2013,2020,2021,3311054,3789953,3846606,535552,"0.1617",56653,"0.0149"
"Physical sciences","Total",2013,2021,2022,3311054,3846606,4211858,900804,"0.2721",365252,"0.0950"
"Physical sciences","Total",2013,2022,2023,3311054,4211858,4621763,1310709,"0.3959",409905,"0.0973"
"Physical sciences","USDA",2013,2012,2013,7409,6864,7409,0,"0.0000",545,"0.0794"
"Physical sciences","USDA",2013,2013,2014,7409,7409,4739,-2670,"-0.3604",-2670,"-0.3604"
"Physical sciences","USDA",2013,2014,2015,7409,4739,4983,-2426,"-0.3274",244,"0.0515"
"Physical sciences","USDA",2013,2015,2016,7409,4983,6158,-1251,"-0.1688",1175,"0.2358"
"Physical sciences","USDA",2013,2016,2017,7409,6158,7352,-57,"-0.0077",1194,"0.1939"
"Physical sciences","USDA",2013,2017,2018,7409,7352,6689,-720,"-0.0972",-663,"-0.0902"
"Physical sciences","USDA",2013,2018,2019,7409,6689,6326,-1083,"-0.1462",-363,"-0.0543"
"Physical sciences","USDA",2013,2019,2020,7409,6326,3735,-3674,"-0.4959",-2591,"-0.4096"
"Physical sciences","USDA",2013,2020,2021,7409,3735,6199,-1210,"-0.1633",2464,"0.6597"
"Physical sciences","USDA",2013,2021,2022,7409,6199,10242,2833,"0.3824",4043,"0.6522"
"Physical sciences","USDA",2013,2022,2023,7409,10242,14884,7475,"1.0089",4642,"0.4532"
"Psychology","DOD",2013,2012,2013,44553,43550,44553,0,"0.0000",1003,"0.0230"
"Psychology","DOD",2013,2013,2014,44553,44553,48678,4125,"0.0926",4125,"0.0926"
"Psychology","DOD",2013,2014,2015,44553,48678,63207,18654,"0.4187",14529,"0.2985"
"Psychology","DOD",2013,2015,2016,44553,63207,70044,25491,"0.5722",6837,"0.1082"
"Psychology","DOD",2013,2016,2017,44553,70044,58683,14130,"0.3172",-11361,"-0.1622"
"Psychology","DOD",2013,2017,2018,44553,58683,51839,7286,"0.1635",-6844,"-0.1166"
"Psychology","DOD",2013,2018,2019,44553,51839,54441,9888,"0.2219",2602,"0.0502"
"Psychology","DOD",2013,2019,2020,44553,54441,49418,4865,"0.1092",-5023,"-0.0923"
"Psychology","DOD",2013,2020,2021,44553,49418,53146,8593,"0.1929",3728,"0.0754"
"Psychology","DOD",2013,2021,2022,44553,53146,58670,14117,"0.3169",5524,"0.1039"
"Psychology","DOD",2013,2022,2023,44553,58670,80354,35801,"0.8036",21684,"0.3696"
"Psychology","DOE",2013,2012,2013,573,794,573,0,"0.0000",-221,"-0.2783"
"Psychology","DOE",2013,2013,2014,573,573,331,-242,"-0.4223",-242,"-0.4223"
"Psychology","DOE",2013,2014,2015,573,331,161,-412,"-0.7190",-170,"-0.5136"
"Psychology","DOE",2013,2015,2016,573,161,417,-156,"-0.2723",256,"1.5901"
"Psychology","DOE",2013,2016,2017,573,417,625,52,"0.0908",208,"0.4988"
"Psychology","DOE",2013,2017,2018,573,625,3123,2550,"4.4503",2498,"3.9968"
"Psychology","DOE",2013,2018,2019,573,3123,362,-211,"-0.3682",-2761,"-0.8841"
"Psychology","DOE",2013,2019,2020,573,362,1148,575,"1.0035",786,"2.1713"
"Psychology","DOE",2013,2020,2021,573,1148,1173,600,"1.0471",25,"0.0218"
"Psychology","DOE",2013,2021,2022,573,1173,705,132,"0.2304",-468,"-0.3990"
"Psychology","DOE",2013,2022,2023,573,705,744,171,"0.2984",39,"0.0553"
"Psychology","HHS",2013,2012,2013,531129,617081,531129,0,"0.0000",-85952,"-0.1393"
"Psychology","HHS",2013,2013,2014,531129,531129,502812,-28317,"-0.0533",-28317,"-0.0533"
"Psychology","HHS",2013,2014,2015,531129,502812,506701,-24428,"-0.0460",3889,"0.0077"
"Psychology","HHS",2013,2015,2016,531129,506701,502501,-28628,"-0.0539",-4200,"-0.0083"
"Psychology","HHS",2013,2016,2017,531129,502501,506609,-24520,"-0.0462",4108,"0.0082"
"Psychology","HHS",2013,2017,2018,531129,506609,516038,-15091,"-0.0284",9429,"0.0186"
"Psychology","HHS",2013,2018,2019,531129,516038,549260,18131,"0.0341",33222,"0.0644"
"Psychology","HHS",2013,2019,2020,531129,549260,579184,48055,"0.0905",29924,"0.0545"
"Psychology","HHS",2013,2020,2021,531129,579184,584410,53281,"0.1003",5226,"0.0090"
"Psychology","HHS",2013,2021,2022,531129,584410,645374,114245,"0.2151",60964,"0.1043"
"Psychology","HHS",2013,2022,2023,531129,645374,713565,182436,"0.3435",68191,"0.1057"
"Psychology","NASA",2013,2012,2013,17548,15879,17548,0,"0.0000",1669,"0.1051"
"Psychology","NASA",2013,2013,2014,17548,17548,18521,973,"0.0554",973,"0.0554"
"Psychology","NASA",2013,2014,2015,17548,18521,19867,2319,"0.1322",1346,"0.0727"
"Psychology","NASA",2013,2015,2016,17548,19867,21852,4304,"0.2453",1985,"0.0999"
"Psychology","NASA",2013,2016,2017,17548,21852,21167,3619,"0.2062",-685,"-0.0313"
"Psychology","NASA",2013,2017,2018,17548,21167,19922,2374,"0.1353",-1245,"-0.0588"
"Psychology","NASA",2013,2018,2019,17548,19922,21166,3618,"0.2062",1244,"0.0624"
"Psychology","NASA",2013,2019,2020,17548,21166,20926,3378,"0.1925",-240,"-0.0113"
"Psychology","NASA",2013,2020,2021,17548,20926,18587,1039,"0.0592",-2339,"-0.1118"
"Psychology","NASA",2013,2021,2022,17548,18587,16574,-974,"-0.0555",-2013,"-0.1083"
"Psychology","NASA",2013,2022,2023,17548,16574,16442,-1106,"-0.0630",-132,"-0.0080"
"Psychology","NSF",2013,2012,2013,77086,82848,77086,0,"0.0000",-5762,"-0.0695"
"Psychology","NSF",2013,2013,2014,77086,77086,71871,-5215,"-0.0677",-5215,"-0.0677"
"Psychology","NSF",2013,2014,2015,77086,71871,71121,-5965,"-0.0774",-750,"-0.0104"
"Psychology","NSF",2013,2015,2016,77086,71121,72117,-4969,"-0.0645",996,"0.0140"
"Psychology","NSF",2013,2016,2017,77086,72117,78569,1483,"0.0192",6452,"0.0895"
"Psychology","NSF",2013,2017,2018,77086,78569,80475,3389,"0.0440",1906,"0.0243"
"Psychology","NSF",2013,2018,2019,77086,80475,75000,-2086,"-0.0271",-5475,"-0.0680"
"Psychology","NSF",2013,2019,2020,77086,75000,81100,4014,"0.0521",6100,"0.0813"
"Psychology","NSF",2013,2020,2021,77086,81100,80504,3418,"0.0443",-596,"-0.0073"
"Psychology","NSF",2013,2021,2022,77086,80504,81441,4355,"0.0565",937,"0.0116"
"Psychology","NSF",2013,2022,2023,77086,81441,83291,6205,"0.0805",1850,"0.0227"
"Psychology","Other agencies",2013,2012,2013,99346,92178,99346,0,"0.0000",7168,"0.0778"
"Psychology","Other agencies",2013,2013,2014,99346,99346,105093,5747,"0.0578",5747,"0.0578"
"Psychology","Other agencies",2013,2014,2015,99346,105093,97215,-2131,"-0.0215",-7878,"-0.0750"
"Psychology","Other agencies",2013,2015,2016,99346,97215,91518,-7828,"-0.0788",-5697,"-0.0586"
"Psychology","Other agencies",2013,2016,2017,99346,91518,91941,-7405,"-0.0745",423,"0.0046"
"Psychology","Other agencies",2013,2017,2018,99346,91941,81861,-17485,"-0.1760",-10080,"-0.1096"
"Psychology","Other agencies",2013,2018,2019,99346,81861,79071,-20275,"-0.2041",-2790,"-0.0341"
"Psychology","Other agencies",2013,2019,2020,99346,79071,70825,-28521,"-0.2871",-8246,"-0.1043"
"Psychology","Other agencies",2013,2020,2021,99346,70825,69792,-29554,"-0.2975",-1033,"-0.0146"
"Psychology","Other agencies",2013,2021,2022,99346,69792,71520,-27826,"-0.2801",1728,"0.0248"
"Psychology","Other agencies",2013,2022,2023,99346,71520,80768,-18578,"-0.1870",9248,"0.1293"
"Psychology","Total",2013,2012,2013,776402,859500,776402,0,"0.0000",-83098,"-0.0967"
"Psychology","Total",2013,2013,2014,776402,776402,752501,-23901,"-0.0308",-23901,"-0.0308"
"Psychology","Total",2013,2014,2015,776402,752501,763632,-12770,"-0.0164",11131,"0.0148"
"Psychology","Total",2013,2015,2016,776402,763632,765239,-11163,"-0.0144",1607,"0.0021"
"Psychology","Total",2013,2016,2017,776402,765239,764703,-11699,"-0.0151",-536,"-0.0007"
"Psychology","Total",2013,2017,2018,776402,764703,760293,-16109,"-0.0207",-4410,"-0.0058"
"Psychology","Total",2013,2018,2019,776402,760293,790261,13859,"0.0179",29968,"0.0394"
"Psychology","Total",2013,2019,2020,776402,790261,808930,32528,"0.0419",18669,"0.0236"
"Psychology","Total",2013,2020,2021,776402,808930,812460,36058,"0.0464",3530,"0.0044"
"Psychology","Total",2013,2021,2022,776402,812460,876792,100390,"0.1293",64332,"0.0792"
"Psychology","Total",2013,2022,2023,776402,876792,978784,202382,"0.2607",101992,"0.1163"
"Psychology","USDA",2013,2012,2013,6167,7170,6167,0,"0.0000",-1003,"-0.1399"
"Psychology","USDA",2013,2013,2014,6167,6167,5195,-972,"-0.1576",-972,"-0.1576"
"Psychology","USDA",2013,2014,2015,6167,5195,5360,-807,"-0.1309",165,"0.0318"
"Psychology","USDA",2013,2015,2016,6167,5360,6790,623,"0.1010",1430,"0.2668"
"Psychology","USDA",2013,2016,2017,6167,6790,7109,942,"0.1527",319,"0.0470"
"Psychology","USDA",2013,2017,2018,6167,7109,7035,868,"0.1407",-74,"-0.0104"
"Psychology","USDA",2013,2018,2019,6167,7035,10961,4794,"0.7774",3926,"0.5581"
"Psychology","USDA",2013,2019,2020,6167,10961,6329,162,"0.0263",-4632,"-0.4226"
"Psychology","USDA",2013,2020,2021,6167,6329,4848,-1319,"-0.2139",-1481,"-0.2340"
"Psychology","USDA",2013,2021,2022,6167,4848,2508,-3659,"-0.5933",-2340,"-0.4827"
"Psychology","USDA",2013,2022,2023,6167,2508,3620,-2547,"-0.4130",1112,"0.4434"
"Social sciences","DOD",2013,2012,2013,94368,96925,94368,0,"0.0000",-2557,"-0.0264"
"Social sciences","DOD",2013,2013,2014,94368,94368,98545,4177,"0.0443",4177,"0.0443"
"Social sciences","DOD",2013,2014,2015,94368,98545,84136,-10232,"-0.1084",-14409,"-0.1462"
"Social sciences","DOD",2013,2015,2016,94368,84136,77668,-16700,"-0.1770",-6468,"-0.0769"
"Social sciences","DOD",2013,2016,2017,94368,77668,84014,-10354,"-0.1097",6346,"0.0817"
"Social sciences","DOD",2013,2017,2018,94368,84014,75871,-18497,"-0.1960",-8143,"-0.0969"
"Social sciences","DOD",2013,2018,2019,94368,75871,78679,-15689,"-0.1663",2808,"0.0370"
"Social sciences","DOD",2013,2019,2020,94368,78679,81889,-12479,"-0.1322",3210,"0.0408"
"Social sciences","DOD",2013,2020,2021,94368,81889,69673,-24695,"-0.2617",-12216,"-0.1492"
"Social sciences","DOD",2013,2021,2022,94368,69673,82537,-11831,"-0.1254",12864,"0.1846"
"Social sciences","DOD",2013,2022,2023,94368,82537,101687,7319,"0.0776",19150,"0.2320"
"Social sciences","DOE",2013,2012,2013,11031,11592,11031,0,"0.0000",-561,"-0.0484"
"Social sciences","DOE",2013,2013,2014,11031,11031,8489,-2542,"-0.2304",-2542,"-0.2304"
"Social sciences","DOE",2013,2014,2015,11031,8489,8893,-2138,"-0.1938",404,"0.0476"
"Social sciences","DOE",2013,2015,2016,11031,8893,10387,-644,"-0.0584",1494,"0.1680"
"Social sciences","DOE",2013,2016,2017,11031,10387,8846,-2185,"-0.1981",-1541,"-0.1484"
"Social sciences","DOE",2013,2017,2018,11031,8846,6287,-4744,"-0.4301",-2559,"-0.2893"
"Social sciences","DOE",2013,2018,2019,11031,6287,4954,-6077,"-0.5509",-1333,"-0.2120"
"Social sciences","DOE",2013,2019,2020,11031,4954,5929,-5102,"-0.4625",975,"0.1968"
"Social sciences","DOE",2013,2020,2021,11031,5929,10740,-291,"-0.0264",4811,"0.8114"
"Social sciences","DOE",2013,2021,2022,11031,10740,14712,3681,"0.3337",3972,"0.3698"
"Social sciences","DOE",2013,2022,2023,11031,14712,17502,6471,"0.5866",2790,"0.1896"
"Social sciences","HHS",2013,2012,2013,304824,318749,304824,0,"0.0000",-13925,"-0.0437"
"Social sciences","HHS",2013,2013,2014,304824,304824,313362,8538,"0.0280",8538,"0.0280"
"Social sciences","HHS",2013,2014,2015,304824,313362,311180,6356,"0.0209",-2182,"-0.0070"
"Social sciences","HHS",2013,2015,2016,304824,311180,323700,18876,"0.0619",12520,"0.0402"
"Social sciences","HHS",2013,2016,2017,304824,323700,344466,39642,"0.1300",20766,"0.0642"
"Social sciences","HHS",2013,2017,2018,304824,344466,349399,44575,"0.1462",4933,"0.0143"
"Social sciences","HHS",2013,2018,2019,304824,349399,374040,69216,"0.2271",24641,"0.0705"
"Social sciences","HHS",2013,2019,2020,304824,374040,398811,93987,"0.3083",24771,"0.0662"
"Social sciences","HHS",2013,2020,2021,304824,398811,404139,99315,"0.3258",5328,"0.0134"
"Social sciences","HHS",2013,2021,2022,304824,404139,461638,156814,"0.5144",57499,"0.1423"
"Social sciences","HHS",2013,2022,2023,304824,461638,505495,200671,"0.6583",43857,"0.0950"
"Social sciences","NASA",2013,2012,2013,15245,13018,15245,0,"0.0000",2227,"0.1711"
"Social sciences","NASA",2013,2013,2014,15245,15245,16990,1745,"0.1145",1745,"0.1145"
"Social sciences","NASA",2013,2014,2015,15245,16990,16251,1006,"0.0660",-739,"-0.0435"
"Social sciences","NASA",2013,2015,2016,15245,16251,7925,-7320,"-0.4802",-8326,"-0.5123"
"Social sciences","NASA",2013,2016,2017,15245,7925,10580,-4665,"-0.3060",2655,"0.3350"
"Social sciences","NASA",2013,2017,2018,15245,10580,14251,-994,"-0.0652",3671,"0.3470"
"Social sciences","NASA",2013,2018,2019,15245,14251,24815,9570,"0.6277",10564,"0.7413"
"Social sciences","NASA",2013,2019,2020,15245,24815,23652,8407,"0.5515",-1163,"-0.0469"
"Social sciences","NASA",2013,2020,2021,15245,23652,17391,2146,"0.1408",-6261,"-0.2647"
"Social sciences","NASA",2013,2021,2022,15245,17391,15288,43,"0.0028",-2103,"-0.1209"
"Social sciences","NASA",2013,2022,2023,15245,15288,15219,-26,"-0.0017",-69,"-0.0045"
"Social sciences","NSF",2013,2012,2013,148870,142863,148870,0,"0.0000",6007,"0.0420"
"Social sciences","NSF",2013,2013,2014,148870,148870,132814,-16056,"-0.1079",-16056,"-0.1079"
"Social sciences","NSF",2013,2014,2015,148870,132814,142999,-5871,"-0.0394",10185,"0.0767"
"Social sciences","NSF",2013,2015,2016,148870,142999,145028,-3842,"-0.0258",2029,"0.0142"
"Social sciences","NSF",2013,2016,2017,148870,145028,153762,4892,"0.0329",8734,"0.0602"
"Social sciences","NSF",2013,2017,2018,148870,153762,150501,1631,"0.0110",-3261,"-0.0212"
"Social sciences","NSF",2013,2018,2019,148870,150501,149755,885,"0.0059",-746,"-0.0050"
"Social sciences","NSF",2013,2019,2020,148870,149755,150786,1916,"0.0129",1031,"0.0069"
"Social sciences","NSF",2013,2020,2021,148870,150786,153552,4682,"0.0315",2766,"0.0183"
"Social sciences","NSF",2013,2021,2022,148870,153552,161144,12274,"0.0824",7592,"0.0494"
"Social sciences","NSF",2013,2022,2023,148870,161144,192977,44107,"0.2963",31833,"0.1975"
"Social sciences","Other agencies",2013,2012,2013,267440,279444,267440,0,"0.0000",-12004,"-0.0430"
"Social sciences","Other agencies",2013,2013,2014,267440,267440,287904,20464,"0.0765",20464,"0.0765"
"Social sciences","Other agencies",2013,2014,2015,267440,287904,289022,21582,"0.0807",1118,"0.0039"
"Social sciences","Other agencies",2013,2015,2016,267440,289022,284844,17404,"0.0651",-4178,"-0.0145"
"Social sciences","Other agencies",2013,2016,2017,267440,284844,282784,15344,"0.0574",-2060,"-0.0072"
"Social sciences","Other agencies",2013,2017,2018,267440,282784,300576,33136,"0.1239",17792,"0.0629"
"Social sciences","Other agencies",2013,2018,2019,267440,300576,274103,6663,"0.0249",-26473,"-0.0881"
"Social sciences","Other agencies",2013,2019,2020,267440,274103,255582,-11858,"-0.0443",-18521,"-0.0676"
"Social sciences","Other agencies",2013,2020,2021,267440,255582,236312,-31128,"-0.1164",-19270,"-0.0754"
"Social sciences","Other agencies",2013,2021,2022,267440,236312,267646,206,"0.0008",31334,"0.1326"
"Social sciences","Other agencies",2013,2022,2023,267440,267646,299804,32364,"0.1210",32158,"0.1202"
"Social sciences","Total",2013,2012,2013,897585,915874,897585,0,"0.0000",-18289,"-0.0200"
"Social sciences","Total",2013,2013,2014,897585,897585,917670,20085,"0.0224",20085,"0.0224"
"Social sciences","Total",2013,2014,2015,897585,917670,921751,24166,"0.0269",4081,"0.0044"
"Social sciences","Total",2013,2015,2016,897585,921751,899551,1966,"0.0022",-22200,"-0.0241"
"Social sciences","Total",2013,2016,2017,897585,899551,932620,35035,"0.0390",33069,"0.0368"
"Social sciences","Total",2013,2017,2018,897585,932620,937702,40117,"0.0447",5082,"0.0054"
"Social sciences","Total",2013,2018,2019,897585,937702,938422,40837,"0.0455",720,"0.0008"
"Social sciences","Total",2013,2019,2020,897585,938422,963623,66038,"0.0736",25201,"0.0269"
"Social sciences","Total",2013,2020,2021,897585,963623,949941,52356,"0.0583",-13682,"-0.0142"
"Social sciences","Total",2013,2021,2022,897585,949941,1074208,176623,"0.1968",124267,"0.1308"
"Social sciences","Total",2013,2022,2023,897585,1074208,1202546,304961,"0.3398",128338,"0.1195"
"Social sciences","USDA",2013,2012,2013,55807,53283,55807,0,"0.0000",2524,"0.0474"
"Social sciences","USDA",2013,2013,2014,55807,55807,59566,3759,"0.0674",3759,"0.0674"
"Social sciences","USDA",2013,2014,2015,55807,59566,69270,13463,"0.2412",9704,"0.1629"
"Social sciences","USDA",2013,2015,2016,55807,69270,49999,-5808,"-0.1041",-19271,"-0.2782"
"Social sciences","USDA",2013,2016,2017,55807,49999,48168,-7639,"-0.1369",-1831,"-0.0366"
"Social sciences","USDA",2013,2017,2018,55807,48168,40817,-14990,"-0.2686",-7351,"-0.1526"
"Social sciences","USDA",2013,2018,2019,55807,40817,32076,-23731,"-0.4252",-8741,"-0.2142"
"Social sciences","USDA",2013,2019,2020,55807,32076,46974,-8833,"-0.1583",14898,"0.4645"
"Social sciences","USDA",2013,2020,2021,55807,46974,58134,2327,"0.0417",11160,"0.2376"
"Social sciences","USDA",2013,2021,2022,55807,58134,71243,15436,"0.2766",13109,"0.2255"
"Social sciences","USDA",2013,2022,2023,55807,71243,69862,14055,"0.2519",-1381,"-0.0194"
